identifier,name,opens,openingHours,geoCoordinates.latitude,geoCoordinates.longitude,reservation,hasBreakfast,hasBrunch,hasLunch,hasDinner,isVegetarian,isVegan,main_dishes
1011217,John Baker Bahnhofstrasse,[],"['Mo,Tu,We,Th,Fr 07:00:00-18:30:00', 'Sa 08:00:00-17:00:00']",47.368156,8.539514,0,1,0,0,0,0,0,['sui_0502']
1011192,Restaurant Lennox,[],"['Mo,Tu,We,Th 11:30:00-22:00:00', 'Fr 11:30:00-00:00:00', 'Sa 10:00:00-00:00:00', 'Su 10:00:00-22:00:00']",47.226144,8.819738,0,0,1,1,1,0,0,['culinary-international']
1011149,Swiss Life Arena Gastronomie,[],,47.395173,8.479122,0,0,0,1,0,0,0,['culinary-italian']
1011103,MIKURIYA,[],"['Tu,We,Th,Fr,Sa 19:00:00-00:00:00']",47.372768,8.573081,0,0,0,0,1,0,0,"['culinary-gourmet', 'culinary-asian', 'culinary-japanese-sushi']"
1011068,Bill’s Burger,[],"['Mo,Tu,We,Th,Fr 11:00:00-14:00:00']",47.39338,8.511654,0,0,0,1,0,0,0,['culinary-american']
1011029,Restaurant elmira,[],,47.388924,8.526571,0,0,0,0,1,0,0,['culinary-gourmet']
1011017,Veganitas,"['Tuesday', 'Wednesday', 'Thursday', 'Friday', 'Saturday', 'Sunday']","['Mo,Tu,We,Th 11:00:00-22:00:00', 'Fr,Sa 11:00:00-22:30:00', 'Su 11:00:00-21:30:00']",47.377582,8.527679,0,0,0,1,1,0,1,['culinary-vegan']
1010957,LOI Bistro,[],"['Tu,We,Th,Fr,Sa 09:30:00-17:00:00']",47.389234,8.525051,0,0,0,1,0,1,1,"['culinary-vegan', 'culinary-vegetarian']"
1010937,ZOOM Restaurant,"['Monday', 'Tuesday', 'Wednesday', 'Thursday', 'Friday', 'Saturday', 'Sunday']","['Mo,Tu,We,Th,Fr 06:00:00-10:00:00', 'Mo,Tu,We,Th,Fr,Sa,Su 11:30:00-23:00:00', 'Sa,Su 06:00:00-10:30:00']",47.4535,8.561,0,1,0,1,1,0,0,"['culinary-international', 'culinary-american', 'culinary-local-specialities']"
1010864,Holy Cow! Löwenstrasse,"['Monday', 'Tuesday', 'Wednesday', 'Thursday', 'Friday', 'Saturday', 'Sunday']","['Mo,Tu,We,Th,Fr,Sa,Su 11:00:00-23:00:00']",47.376301,8.537405,0,0,0,1,1,0,0,"['culinary-international', 'culinary-bbq']"
1010822,Studio Bellerive,"['Tuesday', 'Wednesday', 'Thursday', 'Friday', 'Saturday']","['Tu,We,Th,Fr,Sa 07:00:00-23:00:00']",47.362244,8.547591,1,1,0,1,1,0,0,"['culinary-bbq', 'culinary-fish']"
1010817,FIVE Gastronomie,"['Monday', 'Tuesday', 'Wednesday', 'Thursday', 'Friday', 'Saturday', 'Sunday']",,47.36309,8.495577,0,0,0,1,1,0,0,"['culinary-asian', 'culinary-japanese-sushi', 'culinary-oriental']"
1010806,VITO Europaallee,"['Monday', 'Tuesday', 'Wednesday', 'Thursday', 'Friday', 'Saturday', 'Sunday']","['Mo,Tu,We 11:30:00-22:00:00', 'Th 11:30:00-23:00:00', 'Fr,Sa 11:30:00-00:00:00', 'Su 15:00:00-22:00:00']",47.378345,8.535776,0,0,0,1,1,0,0,"['culinary-italian', 'culinary-pasta']"
1010737,Unmeat,"['Tuesday', 'Wednesday', 'Thursday', 'Friday', 'Saturday', 'Sunday']","['Tu,We,Th,Fr 11:00:00-14:00:00', 'Tu,We,Th,Fr 17:00:00-22:00:00', 'Sa 11:00:00-22:00:00', 'Su 12:00:00-22:00:00']",47.378785,8.529258,0,0,0,1,1,1,1,"['culinary-american', 'culinary-vegan', 'culinary-vegetarian']"
1010566,Restaurant Enja,"['Monday', 'Tuesday', 'Wednesday', 'Thursday', 'Friday', 'Saturday']","['Mo,Tu,We,Th,Fr 07:00:00-23:00:00', 'Sa 07:00:00-00:00:00']",47.373583,8.537233,1,1,0,1,1,0,1,"['culinary-international', 'culinary-vegan']"
1010543,Roof Garden Restaurant & Bar,"['Monday', 'Tuesday', 'Wednesday', 'Thursday', 'Friday', 'Saturday']","['Mo,Tu,We,Th,Fr 11:00:00-00:00:00', 'Sa 10:00:00-00:00:00']",47.372,8.5413,0,0,0,1,1,0,0,"['culinary-french', 'culinary-mediterranean']"
1010461,Castellan’s,"['Monday', 'Tuesday', 'Wednesday', 'Thursday', 'Friday', 'Saturday']","['Mo,Tu,We,Th,Fr 12:00:00-14:00:00', 'Mo,Tu,We,Th,Fr,Sa 18:00:00-22:00:00', 'Su 07:00:00-11:00:00']",47.365499,8.536029,1,1,1,1,1,1,0,"['culinary-vegetarian', 'culinary-fish', 'culinary-mediterranean', 'culinary-spanish']"
1010075,Kunsthaus Bar,"['Tuesday', 'Wednesday', 'Thursday', 'Friday', 'Saturday', 'Sunday']","['Tu,We,Th,Fr 07:30:00-00:00:00', 'Sa 08:30:00-00:00:00', 'Su 08:30:00-22:00:00']",47.371089,8.549101,0,1,0,1,1,0,0,[]
1001101,Restaurant Nüni,"['Monday', 'Tuesday', 'Wednesday', 'Thursday', 'Friday', 'Saturday', 'Sunday']","['Mo,Tu,We 07:30:00-23:00:00', 'Th,Fr 07:30:00-00:00:00', 'Sa 10:00:00-00:00:00', 'Su 10:00:00-21:00:00']",47.3879362,8.4989451,0,1,0,1,1,0,0,"['culinary-italian', 'culinary-pizza']"
1000975,Sablier Rooftop Restaurant & Bar,"['Monday', 'Tuesday', 'Wednesday', 'Thursday', 'Friday', 'Saturday', 'Sunday']","['Mo,Tu,We,Th,Fr 11:00:00-00:00:00', 'Sa 14:00:00-00:00:00', 'Su 10:00:00-19:00:00']",47.4509281,8.5656947,0,1,1,1,1,0,0,['culinary-french']
556900,Bagel Boys,"['Monday', 'Tuesday', 'Wednesday', 'Thursday', 'Friday', 'Saturday', 'Sunday']","['Mo,Tu,We,Th,Fr 07:00:00-18:00:00', 'Sa,Su 08:00:00-14:00:00']",47.414053,8.55923,0,0,0,1,1,0,0,"['culinary-american', 'atmosphere-relaxed-and-cosy', 'atmosphere-lively-and-cheerful']"
555921,Stadtkäserei und Restaurant,"['Monday', 'Tuesday', 'Wednesday', 'Thursday', 'Friday', 'Saturday']","['Mo,Tu,We,Th,Fr 11:30:00-00:00:00', 'Sa 14:00:00-00:00:00']",47.380288,8.534458,1,1,1,1,1,0,0,['culinary-local-specialities']
555555,Restaurant & Bar Alex Lake Zürich,"['Monday', 'Tuesday', 'Wednesday', 'Thursday', 'Friday', 'Saturday', 'Sunday']","['Mo,Tu,We,Th,Fr,Sa,Su 12:00:00-22:30:00']",47.297305,8.566769,0,1,1,1,1,0,0,[]
555223,Café Sprössling,"['Monday', 'Tuesday', 'Wednesday', 'Thursday', 'Friday', 'Saturday']","['Mo,Tu,We,Th,Fr,Sa 08:00:00-18:00:00']",47.391957,8.539058,0,1,0,0,0,1,1,"['culinary-vegan', 'culinary-vegetarian']"
554938,Auer & Co,"['Monday', 'Tuesday', 'Wednesday', 'Thursday', 'Friday', 'Saturday', 'Sunday']","['Mo,Tu,We 08:00:00-18:00:00', 'Th,Fr 08:00:00-20:00:00']",47.38478,8.533668,0,0,0,1,0,0,0,[]
554922,Kraftwerk Café & Restaurant,"['Monday', 'Tuesday', 'Wednesday', 'Thursday', 'Friday', 'Sunday']","['Mo,Tu,We 08:00:00-22:00:00', 'Th,Fr 08:00:00-00:00:00', 'Sa 14:00:00-22:00:00']",47.37214,8.53193,0,0,1,1,1,1,0,['culinary-vegetarian']
553492,Sagibeiz Sagisteg Seegüetli,"['Monday', 'Tuesday', 'Wednesday', 'Thursday', 'Friday', 'Saturday', 'Sunday']","['Mo,Tu,We,Th,Fr 11:30:00-23:00:00', 'Sa,Su 11:30:00-14:00:00']",47.113185,9.219149,0,0,1,1,1,0,0,['culinary-fish']
553315,Restaurant Boldern,"['Monday', 'Tuesday', 'Wednesday', 'Thursday', 'Friday', 'Saturday', 'Sunday']","['Mo,Tu,We,Th,Fr 07:00:00-23:00:00']",47.262218,8.701957,0,0,1,1,1,0,0,[]
392378,01 Bar,"['Monday', 'Tuesday', 'Wednesday', 'Thursday', 'Friday', 'Saturday', 'Sunday']","['Mo,Tu,We,Th 11:00:00-00:00:00', 'Fr,Sa 11:00:00-02:00:00', 'Su 12:00:00-00:00:00']",47.373723,8.542981,0,0,0,1,0,0,0,[]
351092,Restaurant Kaufleuten,"['Monday', 'Tuesday', 'Wednesday', 'Thursday', 'Friday', 'Saturday']","['Mo,Tu,We,Th,Fr 11:30:00-14:00:00', 'Mo,Tu,We,Th 18:30:00-22:30:00', 'Fr 18:30:00-00:00:00', 'Sa 12:30:00-00:00:00']",47.371556,8.536285,0,0,0,1,1,0,0,"['culinary-italian', 'culinary-local-specialities', 'culinary-pizza']"
329818,Restaurant Stoller,"['Monday', 'Tuesday', 'Wednesday', 'Thursday', 'Friday', 'Saturday', 'Sunday']","['Mo,Tu,We,Th 06:00:00-22:00:00', 'Fr 06:00:00-23:00:00', 'Sa 07:00:00-23:00:00', 'Su 07:00:00-22:00:00']",47.378543,8.509165,0,0,1,0,0,0,0,['culinary-local-specialities']
327466,Café Lang,"['Monday', 'Tuesday', 'Wednesday', 'Thursday', 'Friday', 'Saturday', 'Sunday']","['Mo,Tu,We 08:00:00-23:00:00', 'Th,Fr 08:00:00-00:00:00', 'Sa 09:00:00-23:00:00', 'Su 10:00:00-18:00:00']",47.385108,8.531477,0,0,1,0,0,0,0,['atmosphere-relaxed-and-cosy']
313682,Luus Muus – Loose Moose,"['Monday', 'Tuesday', 'Wednesday', 'Thursday', 'Friday', 'Saturday', 'Sunday']","['Mo,Tu,We,Th,Fr,Sa,Su 10:00:00-14:00:00']",47.302517,8.689937,0,0,1,1,0,0,0,[]
291383,Restaurant Vulkan,"['Monday', 'Tuesday', 'Wednesday', 'Thursday', 'Friday', 'Saturday', 'Sunday']","['Mo,Tu,We,Th,Fr 11:00:00-14:00:00', 'Mo,Tu,We,Th,Fr,Sa,Su 18:00:00-00:00:00']",47.381998,8.533633,1,0,0,1,1,0,0,['culinary-oriental']
291125,NA081,"['Monday', 'Tuesday', 'Wednesday', 'Thursday', 'Friday', 'Saturday', 'Sunday']","['Mo,Tu,We,Th,Fr 11:30:00-13:30:00', 'Mo,Tu,We,Th 18:00:00-22:00:00', 'Fr,Sa,Su 18:00:00-22:30:00']",47.381883,8.533477,1,0,0,1,1,0,0,"['culinary-italian', 'culinary-pasta', 'culinary-pizza']"
257401,Kafi Dihei,"['Monday', 'Wednesday', 'Thursday', 'Friday', 'Saturday', 'Sunday']","['Mo,We,Th,Fr 08:30:00-18:00:00', 'Sa,Su 09:00:00-18:00:00']",47.375256,8.513259,0,1,1,0,0,0,0,[]
257332,Bei Babette,"['Wednesday', 'Thursday', 'Friday', 'Saturday', 'Sunday']","['Tu,We,Th,Fr 17:00:00-23:00:00', 'Sa 10:00:00-23:00:00', 'Su 10:00:00-17:00:00']",47.374864,8.514978,0,1,1,0,0,0,0,['culinary-french']
254080,Lotti,"['Monday', 'Tuesday', 'Wednesday', 'Thursday', 'Friday', 'Saturday']","['Tu,We,Th,Fr 09:00:00-23:00:00', 'Sa 10:00:00-23:00:00']",47.375174,8.539712,0,1,1,0,0,0,0,[]
230908,Ristorante Ornellaia,"['Tuesday', 'Wednesday', 'Thursday', 'Friday', 'Saturday']","['Tu,We,Th,Fr,Sa 11:45:00-14:30:00', 'Tu,We,Th,Fr,Sa 18:45:00-23:00:00']",47.372457,8.537686,1,0,0,1,1,0,0,['culinary-italian']
206434,"Restaurant Winzerhaus, Weiningen","['Wednesday', 'Thursday', 'Friday', 'Saturday', 'Sunday']","['Tu,We,Th,Fr 11:00:00-14:00:00', 'Tu,We,Th,Fr,Sa 17:00:00-23:00:00', 'Su 10:00:00-22:00:00']",47.421311,8.431675,1,0,0,1,1,0,0,"['culinary-local-specialities', 'culinary-bbq']"
195415,Yardbird – Southern Fried Chicken,"['Monday', 'Tuesday', 'Wednesday', 'Thursday', 'Friday', 'Saturday', 'Sunday']","['Mo,Tu,We,Th,Fr,Sa,Su 17:00:00-22:00:00']",47.373388,8.518959,0,0,0,1,1,0,0,['culinary-bbq']
194200,Restaurant Baur,"['Friday', 'Saturday']","['Fr,Sa 18:00:00-22:00:00']",47.369807,8.538948,0,0,0,1,1,0,0,"['culinary-italian', 'culinary-local-specialities']"
192319,Café des Amis,"['Monday', 'Tuesday', 'Wednesday', 'Thursday', 'Friday', 'Saturday', 'Sunday']","['Mo,Tu,We,Th,Fr 08:00:00-00:00:00', 'Sa 09:00:00-00:00:00', 'Su 09:00:00-18:00:00']",47.388647,8.536109,0,0,1,1,0,0,0,[]
176758,Restaurant Falkenburg,"['Tuesday', 'Wednesday', 'Thursday', 'Friday', 'Saturday', 'Sunday']","['Tu,We,Th,Fr,Sa 10:30:00-15:00:00', 'Tu,We,Th,Fr,Sa 17:30:00-23:30:00']",47.226815,8.816246,0,0,0,1,1,0,0,['culinary-local-specialities']
176752,Rüsterei – Grill Bar Kantine,[],"['Mo,Tu,We,Th,Fr 11:00:00-14:00:00', 'Mo,Tu,We,Th,Fr 17:00:00-23:00:00', 'Sa 11:30:00-23:00:00']",47.3581459,8.5227426,0,0,1,1,1,0,0,['culinary-american']
176746,Restaurant Bebek,"['Monday', 'Tuesday', 'Wednesday', 'Thursday', 'Friday', 'Saturday', 'Sunday']","['Mo,Tu,We,Th,Su 08:00:00-00:00:00', 'Fr,Sa 08:00:00-01:00:00']",47.37452,8.520609,0,1,0,1,1,0,0,['culinary-oriental']
175792,Sternen Grill,"['Monday', 'Tuesday', 'Wednesday', 'Thursday', 'Friday', 'Saturday', 'Sunday']","['Mo,Tu,We,Su 10:30:00-21:00:00', 'Th,Fr,Sa 10:30:00-22:00:00']",47.367278,8.545563,0,0,0,1,1,0,0,['culinary-bbq']
175771,Restaurant Spitz,"['Monday', 'Tuesday', 'Wednesday', 'Thursday', 'Friday']",,47.3790236,8.5410057,0,0,1,1,1,1,0,['culinary-vegetarian']
174196,Enzian vegan food,"['Monday', 'Tuesday', 'Wednesday', 'Thursday', 'Friday', 'Saturday']","['Mo,Tu,We,Th,Fr 08:30:00-20:00:00', 'Sa 09:00:00-20:00:00']",47.374083,8.543849,0,0,0,1,1,1,1,"['culinary-vegan', 'culinary-vegetarian', 'culinary-local-specialities']"
168655,Rechberg 1837,"['Tuesday', 'Wednesday', 'Thursday', 'Friday', 'Saturday']","['Tu,We,Th,Fr,Sa 18:00:00-23:00:00']",47.374027,8.546207,0,0,0,1,1,0,0,['culinary-local-specialities']
168640,Gartenrestaurant Mönchhof am See,"['Monday', 'Tuesday', 'Wednesday', 'Thursday', 'Friday', 'Saturday', 'Sunday']","['Mo,Tu,We,Th,Fr,Sa,Su 11:30:00-23:00:00']",47.332681,8.544642,0,0,0,1,1,0,0,"['culinary-asian', 'culinary-japanese-sushi', 'culinary-bbq', 'culinary-fish', 'atmosphere', 'atmosphere-glamurous-and-chic']"
168457,Thailodge im Zoo Zürich,['Sunday'],,47.385474,8.578044,0,0,1,0,1,0,0,['culinary-asian']
167542,Ooki Japanese Izakaya,"['Monday', 'Tuesday', 'Wednesday', 'Thursday', 'Friday', 'Saturday', 'Sunday']","['Mo,Tu,We,Th,Fr 11:30:00-14:00:00', 'Mo,Tu,We,Th,Fr,Sa,Su 17:00:00-22:00:00']",47.372169,8.518794,0,0,0,1,1,0,0,"['culinary-asian', 'culinary-japanese-sushi']"
167338,Smith and de Luma,"['Monday', 'Tuesday', 'Wednesday', 'Thursday', 'Friday', 'Saturday']","['Mo,Tu,We,Th,Fr 11:30:00-14:00:00', 'Mo,Tu,We,Th,Fr,Sa 16:00:00-22:00:00', 'Su 12:00:00-22:00:00']",47.361401,8.514638,0,0,0,1,1,0,0,"['culinary-international', 'culinary-bbq']"
166018,Antiquario da Marco,"['Tuesday', 'Wednesday', 'Thursday', 'Friday', 'Saturday', 'Sunday']","['Tu,We,Th,Fr 11:30:00-14:30:00', 'Tu,We,Th,Fr 18:00:00-00:00:00', 'Sa 13:00:00-00:00:00', 'Su 18:00:00-23:00:00']",47.36085,8.566561,0,0,0,1,1,0,0,"['culinary-italian', 'culinary-fish', 'culinary-pizza']"
165862,Lily’s Factory,"['Monday', 'Tuesday', 'Wednesday', 'Thursday', 'Friday', 'Saturday', 'Sunday']","['Mo,Tu,We,Th,Fr,Sa 11:00:00-23:00:00', 'Su 11:00:00-22:00:00']",47.375402,8.516916,0,0,0,1,1,0,0,['culinary-asian']
165847,Neni im 25hours Hotel Langstrasse,"['Monday', 'Tuesday', 'Wednesday', 'Thursday', 'Friday', 'Saturday', 'Sunday']","['Mo,Tu,We,Th,Fr,Sa,Su 12:00:00-23:00:00']",47.380521,8.52856,0,0,0,1,1,1,1,"['culinary-international', 'culinary-vegan', 'culinary-vegetarian', 'culinary-oriental', 'culinary-spanish']"
165841,Restaurant Wöschi,"['Monday', 'Tuesday', 'Wednesday', 'Thursday', 'Friday', 'Saturday', 'Sunday']","['We,Th,Fr,Sa 18:30:00-00:00:00', 'Su 10:30:00-15:00:00']",47.340524,8.538036,0,0,0,1,1,0,0,"['culinary-local-specialities', 'culinary-fish', 'culinary-mediterranean']"
162886,Restaurant Portofino,"['Monday', 'Tuesday', 'Wednesday', 'Thursday', 'Friday', 'Saturday', 'Sunday']","['Mo,Tu,We,Th,Fr 11:30:00-14:00:00', 'Mo,Tu,We,Th,Fr 17:30:00-23:00:00', 'Sa,Su 11:30:00-00:00:00']",47.29395,8.570116,0,0,0,1,1,0,0,"['culinary-italian', 'culinary-fish', 'culinary-pasta', 'culinary-mediterranean', 'culinary-pizza']"
160570,Restaurant Buckhuser,"['Monday', 'Tuesday', 'Wednesday', 'Thursday', 'Friday', 'Saturday', 'Sunday']","['Mo,Tu,We,Th,Fr,Sa,Su 06:30:00-22:00:00']",47.383841,8.492709,1,1,0,1,1,0,0,"['culinary-international', 'culinary-italian', 'culinary-local-specialities', 'culinary-pizza', 'atmosphere', 'atmosphere-alternativ-arty']"
158041,Café Rosenstädter,"['Monday', 'Tuesday', 'Wednesday', 'Thursday', 'Friday', 'Saturday', 'Sunday']","['Mo,Tu,We,Th,Fr 08:00:00-19:00:00', 'Sa,Su 08:00:00-20:00:00']",47.225822,8.81567,0,1,1,1,0,0,0,[]
154618,The Butcher Niederdorf,"['Monday', 'Tuesday', 'Wednesday', 'Thursday', 'Friday', 'Saturday', 'Sunday']","['Mo,Tu,We,Th,Fr 11:30:00-13:30:00', 'Mo,Tu,We,Th 17:00:00-22:00:00', 'Fr 17:00:00-23:00:00', 'Sa 12:00:00-23:00:00', 'Su 12:00:00-22:00:00']",47.372483,8.543383,0,0,0,1,1,0,0,"['culinary-international', 'culinary-american', 'culinary-bbq']"
153649,Sign eat & drink,"['Monday', 'Tuesday', 'Wednesday', 'Thursday', 'Friday', 'Saturday']","['Mo,Tu,We,Th,Fr,Sa 16:00:00-23:00:00', 'Tu,We,Th,Fr 11:00:00-14:00:00']",47.414942,8.589219,1,1,1,1,1,0,0,"['culinary-italian', 'culinary-american', 'culinary-local-specialities', 'culinary-pizza', 'atmosphere', 'atmosphere-glamurous-and-chic']"
152935,Ambrosi Coffee Bar,"['Monday', 'Tuesday', 'Wednesday', 'Thursday', 'Friday', 'Saturday', 'Sunday']","['Mo,Tu,We,Th,Fr 11:30:00-14:00:00', 'Mo,Tu,We,Th,Fr 17:30:00-22:30:00', 'Sa 11:00:00-22:30:00', 'Su 10:00:00-22:30:00']",47.387049,8.524374,1,0,1,1,1,0,0,"['culinary-italian', 'culinary-pasta', 'culinary-mediterranean', 'culinary-pizza']"
152650,Brisket Southern BBQ & Bar,"['Tuesday', 'Wednesday', 'Thursday', 'Friday', 'Saturday']","['Tu,We,Th,Fr 11:30:00-14:00:00', 'Tu,We,Th,Fr 17:30:00-23:30:00', 'Sa 16:00:00-23:30:00']",47.387805,8.518935,0,0,0,1,1,0,0,"['culinary-international', 'culinary-american', 'culinary-bbq']"
152341,Bistro Rigiblick,"['Wednesday', 'Thursday', 'Friday', 'Saturday', 'Sunday']","['We,Th,Fr 11:30:00-14:00:00', 'We,Th,Fr 18:00:00-21:00:00', 'Sa,Su 12:00:00-21:00:00']",47.38838,8.55339,0,1,1,1,1,0,0,"['culinary-italian', 'culinary-gourmet', 'culinary-local-specialities']"
151921,The Studio Café-Bar,"['Monday', 'Tuesday', 'Wednesday', 'Thursday', 'Friday', 'Saturday']","['Mo,Tu,We,Th,Fr 07:00:00-11:00:00', 'Mo,Tu,We,Th,Fr 11:30:00-15:00:00']",47.36388,8.54783,0,1,0,1,0,0,0,"['atmosphere', 'atmosphere-cool-and-trendy']"
151657,Café Hubertus,[],"['Mo,Tu,We,Th,Fr 07:00:00-19:00:00', 'Sa 07:00:00-18:00:00', 'Su 08:00:00-18:00:00']",47.377657,8.498938,0,1,1,1,1,0,0,[]
151522,Bank,"['Tuesday', 'Wednesday', 'Thursday', 'Friday', 'Saturday', 'Sunday']","['Tu,We,Th 09:00:00-23:00:00', 'Fr,Sa 09:00:00-01:00:00', 'Su 09:00:00-16:00:00']",47.376421,8.526456,1,1,0,1,1,0,0,"['culinary-oriental', 'culinary-mediterranean', 'atmosphere', 'atmosphere-cool-and-trendy']"
150037,Krone Altstetten,"['Monday', 'Tuesday', 'Wednesday', 'Thursday', 'Friday', 'Saturday']","['Mo,Tu,We,Th,Fr 11:00:00-23:00:00', 'Sa 17:00:00-23:00:00']",47.388341,8.483769,0,0,0,1,1,0,0,['culinary-local-specialities']
149767,Al Fresco & Bar Sommer Lounge (Widder Hotel),"['Monday', 'Tuesday', 'Wednesday', 'Thursday', 'Friday', 'Saturday', 'Sunday']",,47.37244,8.539856,0,0,0,1,1,0,0,"['culinary-mediterranean', 'atmosphere', 'atmosphere-glamurous-and-chic']"
149248,Brasserie Freilager,"['Monday', 'Tuesday', 'Wednesday', 'Thursday', 'Friday', 'Saturday']","['Tu,We,Th,Fr 11:30:00-14:00:00', 'Tu,We,Th,Fr 18:00:00-00:00:00', 'Sa 17:00:00-00:00:00']",47.379805,8.48939,0,0,0,1,1,0,0,"['culinary-local-specialities', 'culinary-bbq', 'culinary-pizza']"
131344,Kornsilo,"['Monday', 'Tuesday', 'Wednesday', 'Thursday', 'Friday', 'Saturday', 'Sunday']","['Mo,Tu,We,Th,Fr 08:00:00-17:00:00', 'Sa 09:00:00-16:00:00', 'Su 09:00:00-17:00:00']",47.3516954,8.560916,0,1,1,1,0,0,0,[]
124048,Gipfelrestaurant Chäserrugg,"['Monday', 'Tuesday', 'Wednesday', 'Thursday', 'Friday', 'Saturday', 'Sunday']","['Mo,Tu,We,Th,Fr,Sa,Su 08:45:00-17:00:00']",47.195471,9.313247,0,0,1,1,1,0,0,['culinary-local-specialities']
104743,Bäckerei Wüst,"['Monday', 'Tuesday', 'Wednesday', 'Thursday', 'Friday', 'Saturday', 'Sunday']","['Mo,Tu,We,Th,Fr 06:30:00-18:30:00', 'Sa,Su 07:00:00-15:00:00']",47.37896,8.543685,0,1,1,1,0,0,0,[]
89944,Kunsthausrestaurant,"['Tuesday', 'Wednesday', 'Thursday', 'Friday', 'Saturday', 'Sunday']","['Tu,We,Th,Fr,Sa,Su 09:00:00-22:00:00']",47.370224,8.54798,0,0,1,0,0,0,0,['culinary-international']
89254,Schönau Bar & Restaurant,"['Tuesday', 'Wednesday', 'Thursday', 'Friday', 'Saturday']","['Tu,We,Th,Fr 11:30:00-14:00:00', 'Tu,We,Th,Fr,Sa 17:30:00-00:00:00']",47.378371,8.524313,0,0,0,0,0,0,0,['culinary-mediterranean']
88672,Saltz – The Dolder Grand,"['Monday', 'Tuesday', 'Wednesday', 'Thursday', 'Friday', 'Saturday', 'Sunday']","['Mo,Tu,We,Th,Fr,Sa,Su 12:00:00-14:00:00', 'Mo,Tu,We,Th,Fr,Sa,Su 18:00:00-22:00:00']",47.372768,8.573081,0,0,1,1,1,0,0,['culinary-gourmet']
88657,The Sacred Restaurant mit Vegelateria,"['Monday', 'Tuesday', 'Wednesday', 'Thursday', 'Friday', 'Saturday']","['Mo,Tu,We,Th,Fr,Sa 11:00:00-21:00:00']",47.376062,8.52887,0,0,1,1,1,1,1,"['culinary-international', 'culinary-vegan', 'culinary-vegetarian']"
36748,Korner,"['Monday', 'Tuesday', 'Wednesday', 'Thursday', 'Friday', 'Saturday']","['Mo,Tu,We,Th,Fr 11:30:00-13:30:00', 'Tu,We,Th,Fr 18:00:00-21:30:00', 'Sa 11:30:00-22:00:00']",47.368657,8.533996,0,0,0,1,1,0,0,"['culinary-american', 'culinary-bbq']"
36373,Palette,"['Monday', 'Tuesday', 'Wednesday', 'Thursday', 'Friday', 'Saturday', 'Sunday']","['Mo,Tu,We 07:00:00-23:00:00', 'Th,Fr 07:00:00-00:00:00', 'Sa 08:00:00-00:00:00', 'Su 08:00:00-18:00:00']",47.376168,8.540009,0,1,0,1,1,0,0,"['culinary-international', 'culinary-oriental', 'culinary-mediterranean']"
36364,Wirtschaft Degenried,"['Monday', 'Tuesday', 'Wednesday', 'Thursday', 'Friday', 'Saturday', 'Sunday']","['Mo,Tu,We,Th,Fr,Sa,Su 11:30:00-23:00:00']",47.367421,8.579229,0,0,1,1,1,0,0,['culinary-local-specialities']
36154,La Soupière – Hotel Schweizerhof,"['Monday', 'Tuesday', 'Wednesday', 'Thursday', 'Friday', 'Saturday']","['Mo,Tu,We,Th,Fr 11:30:00-14:30:00', 'We,Th,Fr,Sa 18:30:00-22:00:00']",47.376948,8.539447,0,0,0,1,1,0,0,['culinary-french']
34522,Holy Cow! Niederdorf,"['Monday', 'Tuesday', 'Wednesday', 'Thursday', 'Friday', 'Saturday', 'Sunday']","['Mo,Tu,We,Su 11:00:00-22:00:00', 'Th,Fr,Sa 11:00:00-23:00:00']",47.375471,8.544722,0,0,0,1,1,0,0,"['culinary-international', 'culinary-bbq']"
33964,Hiltl Dachterrasse,"['Monday', 'Tuesday', 'Wednesday', 'Thursday', 'Friday', 'Saturday', 'Sunday']","['Mo,Tu,We,Th 11:00:00-22:00:00', 'Fr,Sa 11:00:00-23:00:00', 'Su 10:00:00-20:00:00']",47.375652,8.539802,0,0,1,1,1,1,1,"['culinary-international', 'culinary-vegan', 'culinary-vegetarian']"
32476,Restaurant Volkshaus,"['Monday', 'Tuesday', 'Wednesday', 'Thursday', 'Friday', 'Saturday', 'Sunday']","['Mo,Tu,We,Th,Fr,Sa 09:00:00-00:00:00', 'Su 10:00:00-00:00:00']",47.375465,8.527275,0,1,1,1,1,0,0,"['culinary-international', 'culinary-local-specialities', 'atmosphere-cool-and-trendy']"
20495,James Joyce Restaurant & Bar,"['Monday', 'Tuesday', 'Wednesday', 'Thursday', 'Friday', 'Saturday']","['Mo,Tu,We,Th,Fr 11:30:00-14:00:00', 'Mo,Tu,We,Th,Fr 17:00:00-22:00:00', 'Sa 11:00:00-00:00:00']",47.372204,8.537178,1,0,0,1,1,0,0,"['culinary-international', 'culinary-american', 'atmosphere-lively-and-cheerful', 'atmosphere']"
20424,• • • Rooftop Restaurant,"['Monday', 'Tuesday', 'Wednesday', 'Thursday', 'Friday', 'Saturday', 'Sunday']","['Mo,Tu,We,Th 10:00:00-23:00:00', 'Fr,Sa 10:00:00-00:00:00', 'Su 10:00:00-22:00:00']",47.374664,8.539108,0,0,1,0,0,0,0,"['culinary-international', 'culinary-asian', 'atmosphere-glamurous-and-chic']"
20172,Salon,"['Monday', 'Tuesday', 'Wednesday', 'Thursday', 'Friday', 'Saturday', 'Sunday']",,47.369382,8.523903,0,0,1,1,0,0,0,"['culinary-french', 'atmosphere-cool-and-trendy']"
15919,Route Twenty-Six,"['Monday', 'Tuesday', 'Wednesday', 'Thursday', 'Friday', 'Saturday', 'Sunday']",,47.390729,8.510124,1,1,1,1,1,0,0,"['culinary-international', 'culinary-bbq']"
7069,Walliser Keller «The Swiss Restaurant»,"['Monday', 'Tuesday', 'Wednesday', 'Thursday', 'Friday', 'Saturday', 'Sunday']","['Mo,Tu,We,Th,Fr 11:30:00-13:30:00', 'Mo,Tu,We,Th,Fr,Sa 17:15:00-23:00:00']",47.375051,8.544458,0,0,0,1,1,0,0,['culinary-local-specialities']
6649,Café du Bonheur,"['Monday', 'Tuesday', 'Wednesday', 'Thursday', 'Friday', 'Saturday', 'Sunday']","['Mo,Tu,We,Th,Fr 08:00:00-23:00:00', 'Sa 10:00:00-23:00:00', 'Su 10:00:00-18:00:00']",47.37988,8.516274,0,1,1,1,1,0,0,['culinary-french']
6164,Hiltl Pflanzbar,"['Monday', 'Tuesday', 'Wednesday', 'Thursday', 'Friday']","['Mo,Tu,We,Th,Fr 11:00:00-14:00:00']",47.370545,8.535769,0,0,0,1,0,1,1,"['culinary-vegan', 'culinary-vegetarian']"
6027,Panorama Restaurant Felsenegg,"['Monday', 'Tuesday', 'Wednesday', 'Thursday', 'Friday', 'Saturday', 'Sunday']","['Mo,Tu,We,Th,Fr,Sa 11:00:00-22:00:00', 'Su 10:00:00-20:00:00']",47.310191,8.507457,0,0,1,1,1,0,0,"['culinary-international', 'culinary-local-specialities']"
5869,Wirtschaft Ziegelhütte,"['Wednesday', 'Thursday', 'Friday', 'Saturday', 'Sunday']","['We,Th 11:00:00-23:00:00', 'Fr,Sa 11:00:00-23:30:00', 'Su 11:00:00-22:00:00']",47.399537,8.572665,1,0,1,1,1,0,0,['culinary-local-specialities']
5725,Ojo de Agua,"['Monday', 'Tuesday', 'Wednesday', 'Thursday', 'Friday', 'Saturday']","['Mo,Tu,We 10:00:00-22:00:00', 'Th,Fr,Sa 10:00:00-23:00:00']",47.373803,8.539504,0,0,0,1,1,0,0,['culinary-bbq']
5715,Gerold Chuchi,"['Monday', 'Tuesday', 'Wednesday', 'Thursday', 'Friday', 'Saturday']","['Mo,Tu,We,Th,Fr 11:30:00-14:00:00', 'Mo,Tu,We,Th,Fr 18:00:00-22:00:00', 'Sa 13:30:00-22:30:00']",47.385025,8.520317,0,0,0,1,1,0,0,"['culinary-international', 'atmosphere', 'atmosphere-alternativ-arty']"
5706,Blaue Ente,"['Tuesday', 'Wednesday', 'Thursday', 'Friday', 'Saturday']","['Tu,We,Th,Fr,Sa 18:00:00-23:00:00']",47.351938,8.561174,1,0,0,1,1,0,0,"['culinary-international', 'culinary-italian']"
5369,Yooji's Seefeld,"['Monday', 'Tuesday', 'Wednesday', 'Thursday', 'Friday', 'Saturday', 'Sunday']","['Mo,Tu,We,Th,Fr,Sa 11:00:00-22:00:00', 'Su 16:00:00-22:00:00']",47.358288,8.554167,1,0,0,1,1,0,0,"['culinary-asian', 'culinary-japanese-sushi']"
5362,Yooji’s Josef,"['Monday', 'Tuesday', 'Wednesday', 'Thursday', 'Friday', 'Saturday', 'Sunday']","['Mo,Tu,We,Th,Fr,Sa 11:00:00-21:00:00', 'Su 16:00:00-21:00:00']",47.383763,8.529826,1,0,0,1,1,0,0,"['culinary-asian', 'culinary-japanese-sushi']"
5351,Yooji's Bellevue,"['Monday', 'Tuesday', 'Wednesday', 'Thursday', 'Friday', 'Saturday', 'Sunday']","['Mo,Tu,We,Th,Fr,Sa 11:00:00-21:00:00', 'Su 16:00:00-20:00:00']",47.367187,8.546484,1,0,0,1,1,0,0,"['culinary-asian', 'culinary-japanese-sushi']"
5216,Bernadette,"['Monday', 'Tuesday', 'Wednesday', 'Thursday', 'Friday', 'Saturday', 'Sunday']","['Mo,Tu,We,Th,Fr,Sa,Su 11:30:00-00:00:00']",47.364936,8.546853,1,0,0,1,1,0,0,"['culinary-international', 'culinary-local-specialities', 'culinary-mediterranean']"
4397,Globus Food Hall,,,47.366744,8.546441,0,1,0,1,1,1,0,"['culinary-international', 'culinary-asian', 'culinary-japanese-sushi', 'culinary-vegetarian']"
4255,Restaurant Langenberg,"['Wednesday', 'Thursday', 'Friday', 'Saturday', 'Sunday']","['Mo,Tu,We,Th,Fr,Sa,Su 09:00:00-18:00:00']",47.292611,8.528939,0,0,1,1,0,0,0,[]
4208,Maison Manesse,"['Monday', 'Tuesday', 'Wednesday', 'Thursday', 'Friday', 'Saturday']","['We,Th,Fr 11:45:00-14:00:00', 'We,Th,Fr,Sa 18:00:00-00:00:00']",47.36518,8.521252,1,0,0,1,1,0,0,['culinary-gourmet']
4204,Löweneck – Restaurant & Bar,"['Tuesday', 'Wednesday', 'Thursday', 'Friday', 'Saturday']","['Tu,We,Th,Fr 11:30:00-14:30:00', 'Tu,We,Th,Fr 17:30:00-23:00:00', 'Sa 17:00:00-23:30:00']",47.375077826172,8.5363562520094,1,0,0,1,1,0,0,"['culinary-mediterranean', 'culinary-spanish']"
4199,Gasthaus Hofwiesen,"['Monday', 'Tuesday', 'Wednesday', 'Thursday', 'Friday', 'Saturday']","['Mo,Tu,We,Th,Fr 11:30:00-14:00:00', 'Mo,Tu,We,Th,Fr,Sa 18:00:00-23:00:00']",47.406326,8.537627,1,0,0,1,1,0,0,[]
4169,Chalet Suisse,"['Monday', 'Tuesday', 'Wednesday', 'Thursday', 'Friday', 'Saturday', 'Sunday']","['Mo,Tu,We,Th 10:00:00-02:00:00', 'Fr,Sa,Su 06:00:00-18:00:00']",47.451662941253,8.5607994846053,0,0,0,1,1,0,0,['culinary-local-specialities']
4118,Strandhotel,"['Wednesday', 'Thursday', 'Friday', 'Saturday', 'Sunday']",,47.2256,8.941577,0,0,0,1,1,0,0,[]
3698,Restaurant Turbinenbräu,"['Monday', 'Tuesday', 'Wednesday', 'Thursday', 'Friday']","['Mo,Tu,We,Th,Fr 11:30:00-14:00:00', 'Mo,Tu,We 18:00:00-23:00:00', 'Th,Fr 17:00:00-23:00:00']",47.384101,8.496403,0,0,0,1,1,0,0,"['culinary-local-specialities', 'atmosphere-relaxed-and-cosy', 'atmosphere', 'atmosphere-lgbtq']"
3670,Riithalle,"['Monday', 'Tuesday', 'Wednesday', 'Thursday', 'Friday', 'Saturday', 'Sunday']","['Mo,Tu,We,Th,Fr,Sa,Su 09:00:00-00:00:00']",47.375144,8.534926,0,0,0,1,1,0,0,[]
3666,Lily's Original,"['Monday', 'Tuesday', 'Wednesday', 'Thursday', 'Friday', 'Saturday', 'Sunday']","['Mo,Tu,We,Th,Fr 11:00:00-22:00:00', 'Sa,Su 12:00:00-22:00:00']",47.38254,8.529604,0,0,0,1,1,0,0,['culinary-asian']
3664,King’s Cave,"['Tuesday', 'Wednesday', 'Thursday', 'Friday', 'Saturday']","['Tu,We,Th,Fr,Sa 17:30:00-23:00:00']",47.377084,8.543634,0,0,0,1,1,0,0,['culinary-bbq']
3662,Bürgli,"['Monday', 'Tuesday', 'Wednesday', 'Thursday', 'Friday', 'Saturday', 'Sunday']","['Mo,Tu,We,Th,Fr 09:00:00-00:00:00', 'Sa 18:00:00-00:00:00', 'Su 10:00:00-00:00:00']",47.343071,8.533543,0,0,0,1,1,0,0,[]
3660,La Côte ,"['Tuesday', 'Wednesday', 'Thursday', 'Friday', 'Saturday']","['Tu,We,Th,Fr 11:30:00-14:30:00', 'Tu,We,Th,Fr,Sa 18:00:00-00:00:00']",47.371777,8.515929,0,0,0,1,1,0,0,[]
3658,Casa Aurelio,"['Monday', 'Tuesday', 'Wednesday', 'Thursday', 'Friday', 'Saturday']","['Mo,Tu,We,Th,Fr,Sa 11:30:00-00:00:00']",47.383168,8.529678,0,0,0,1,1,0,0,['culinary-spanish']
3655,Kronenhalle,"['Monday', 'Tuesday', 'Wednesday', 'Thursday', 'Friday', 'Saturday', 'Sunday']","['Mo,Tu,We,Th,Fr,Sa,Su 12:00:00-00:00:00']",47.367551,8.545719,1,0,0,1,1,0,0,"['culinary-gourmet', 'culinary-local-specialities']"
3653,Cinque,"['Monday', 'Tuesday', 'Wednesday', 'Thursday', 'Friday', 'Saturday', 'Sunday']","['Mo,Tu,We,Th,Fr 11:30:00-14:00:00', 'Mo,Tu,We,Th,Fr 18:00:00-00:00:00', 'Sa 12:00:00-22:30:00', 'Su 12:00:00-21:30:00']",47.383294,8.530181,0,0,0,1,1,0,0,"['culinary-italian', 'culinary-pizza']"
3650,Camino,"['Tuesday', 'Wednesday', 'Thursday', 'Friday', 'Saturday']","['Tu,We,Th,Fr 11:30:00-14:00:00', 'Tu,We,Th,Fr,Sa 18:30:00-00:00:00']",47.377071,8.532729,0,0,0,1,1,0,0,[]
3616,Madrid,"['Monday', 'Tuesday', 'Wednesday', 'Thursday', 'Friday', 'Saturday', 'Sunday']","['Mo,Tu,We,Th,Fr,Sa,Su 11:30:00-20:00:00']",47.37318,8.544713,0,0,0,1,1,0,0,['culinary-bbq']
3593,Ristorante Italia,"['Monday', 'Tuesday', 'Wednesday', 'Thursday', 'Friday', 'Saturday', 'Sunday']","['Mo,Tu,We,Th,Fr 11:30:00-14:00:00', 'Mo,Tu,We,Th,Fr 17:30:00-23:00:00', 'Sa 12:00:00-23:00:00']",47.376373,8.529295,0,0,0,1,1,0,0,"['culinary-italian', 'culinary-pasta', 'culinary-pizza', 'atmosphere', 'atmosphere-cool-and-trendy']"
3589,Glogge Egge,"['Monday', 'Tuesday', 'Wednesday', 'Thursday', 'Friday', 'Saturday', 'Sunday']",,47.372961,8.536522,0,0,0,1,1,0,0,['culinary-local-specialities']
3566,Restaurant Eden Kitchen & Bar,"['Monday', 'Tuesday', 'Wednesday', 'Thursday', 'Friday', 'Saturday', 'Sunday']","['Mo,Tu,We,Th,Fr,Sa,Su 06:30:00-10:30:00', 'Mo,Tu,We,Th,Fr,Sa,Su 12:00:00-23:00:00']",47.362891,8.547255,0,0,1,1,1,0,0,"['culinary-gourmet', 'culinary-local-specialities']"
3554,Die Waid,"['Monday', 'Tuesday', 'Wednesday', 'Thursday', 'Friday', 'Saturday', 'Sunday']","['Mo,Tu,We,Th,Fr,Sa,Su 11:30:00-23:00:00']",47.399962,8.515406,0,0,0,1,1,0,0,['culinary-local-specialities']
3552,Die Bar – Sorell Hotel Seefeld,"['Monday', 'Tuesday', 'Wednesday', 'Thursday', 'Friday']","['Mo,Tu,We,Th,Fr 11:30:00-14:30:00', 'Mo,Tu,We,Th,Fr 17:30:00-21:30:00']",47.361576,8.55136,0,0,0,1,1,0,0,"['atmosphere', 'atmosphere-glamurous-and-chic']"
3549,Didi's Frieden,"['Monday', 'Tuesday', 'Wednesday', 'Thursday', 'Friday', 'Saturday']","['Mo,Tu,We,Th,Fr 11:00:00-14:30:00', 'Mo,Tu,We,Th,Fr 17:00:00-00:00:00', 'Sa 18:00:00-00:00:00']",47.379213,8.543591,0,0,0,1,1,0,0,['culinary-gourmet']
3543,Fischer’s Fritz,"['Monday', 'Tuesday', 'Wednesday', 'Thursday', 'Friday', 'Saturday', 'Sunday']","['Mo,Tu,We,Th,Fr,Sa,Su 11:30:00-00:00:00']",47.335828,8.541168,1,1,1,1,1,0,0,"['atmosphere', 'atmosphere-cool-and-trendy']"
3534,Commihalle,"['Monday', 'Tuesday', 'Wednesday', 'Thursday', 'Friday']","['Mo,Tu,We,Th,Fr,Sa,Su 11:30:00-23:00:00']",47.377785,8.54385,1,0,0,1,1,0,0,['culinary-italian']
3523,Restaurant Commercio,"['Monday', 'Tuesday', 'Wednesday', 'Thursday', 'Friday', 'Saturday', 'Sunday']","['Mo,Tu,We,Th,Fr,Sa,Su 11:30:00-23:00:00']",47.365968,8.548859,0,0,0,1,1,0,0,"['culinary-italian', 'culinary-pasta', 'culinary-pizza']"
3514,Coco Grill & Bar,"['Monday', 'Tuesday', 'Wednesday', 'Thursday', 'Friday', 'Saturday']","['Mo,Tu,We,Th,Fr 11:30:00-14:30:00', 'Mo,Tu,We,Th,Fr 17:00:00-00:00:00', 'Sa 14:00:00-00:00:00']",47.368952,8.538439,1,0,0,1,1,0,0,"['culinary-bbq', 'atmosphere', 'atmosphere-cool-and-trendy']"
3507,Clouds,"['Tuesday', 'Wednesday', 'Thursday', 'Friday', 'Saturday']","['Tu,We,Th 11:00:00-22:00:00', 'Fr,Sa 11:00:00-23:00:00']",47.386021,8.517188,0,0,1,1,1,0,0,"['culinary-gourmet', 'culinary-mediterranean']"
3488,Chez Nhan,"['Monday', 'Tuesday', 'Wednesday', 'Thursday', 'Friday', 'Saturday']","['Mo,Tu,We,Th,Fr 11:00:00-14:30:00', 'Mo,Tu,We,Th,Fr,Sa 17:00:00-23:00:00']",47.364542,8.520783,0,0,0,1,1,0,0,['culinary-asian']
3484,Cheyenne,"['Monday', 'Tuesday', 'Wednesday', 'Thursday', 'Friday', 'Saturday']","['Mo,Tu 11:00:00-23:00:00', 'We,Th,Fr 11:00:00-00:00:00', 'Sa 09:00:00-00:00:00', 'Su 17:00:00-23:00:00']",47.40993,8.545706,1,0,1,1,1,0,0,"['atmosphere-lively-and-cheerful', 'atmosphere', 'culinary-mexican']"
3158,Cantinetta Antinori,"['Monday', 'Tuesday', 'Wednesday', 'Thursday', 'Friday', 'Saturday']","['Mo,Tu,We,Th,Fr,Sa 11:30:00-23:00:00', 'Su 12:00:00-22:00:00']",47.372228,8.538842,0,0,0,1,1,0,0,"['culinary-italian', 'culinary-pizza']"
3131,Bohemia,"['Monday', 'Tuesday', 'Wednesday', 'Thursday', 'Friday', 'Saturday', 'Sunday']","['Mo,Tu,We,Th 06:45:00-00:00:00', 'Fr 06:45:00-01:00:00', 'Sa 09:00:00-21:00:00', 'Su 09:00:00-00:00:00']",47.364789,8.554894,1,1,1,1,1,0,0,"['culinary-bbq', 'atmosphere', 'atmosphere-alternativ-arty']"
3119,Restaurant Chrüz,"['Wednesday', 'Thursday', 'Friday', 'Saturday', 'Sunday']","['We,Th,Fr,Su 10:00:00-14:00:00', 'We,Th,Fr,Su 17:00:00-22:00:00', 'Sa 18:00:00-22:00:00']",47.238317,8.921139,0,0,0,1,1,0,0,"['culinary-international', 'culinary-pizza']"
3118,Zum Guten Glück,"['Monday', 'Tuesday', 'Wednesday', 'Thursday', 'Friday', 'Saturday', 'Sunday']","['Mo,Tu,We,Th,Fr 08:00:00-22:00:00', 'Sa,Su 09:00:00-20:00:00']",47.372707,8.519818,0,1,0,1,0,0,0,[]
3115,Rössli Goldingen,"['Monday', 'Tuesday', 'Wednesday', 'Friday', 'Saturday', 'Sunday']",,47.263049,8.966748,0,0,0,1,1,0,0,[]
3107,Bergrestaurant Hüttenberg,"['Wednesday', 'Thursday', 'Friday', 'Saturday', 'Sunday']","['Mo,Su 09:00:00-17:00:00', 'We,Th,Fr,Sa 09:00:00-23:00:00']",47.277501,9.023307,0,0,0,1,1,0,0,['culinary-local-specialities']
2871,Red L,"['Monday', 'Tuesday', 'Wednesday', 'Thursday', 'Friday', 'Saturday', 'Sunday']","['Mo,Tu,We,Th 09:00:00-23:00:00', 'Fr,Sa 09:00:00-00:00:00', 'Su 10:00:00-22:00:00']",47.268018,8.640484,0,0,0,1,0,0,0,"['atmosphere', 'atmosphere-glamurous-and-chic']"
2805,Le Pain Quotidien,"['Monday', 'Tuesday', 'Wednesday', 'Thursday', 'Friday', 'Saturday', 'Sunday']","['Mo,Tu,We,Th,Fr 07:30:00-19:00:00', 'Sa,Su 08:00:00-19:00:00']",47.368169,8.560536,0,1,0,1,0,0,0,[]
2800,Kafisatz,"['Monday', 'Tuesday', 'Wednesday', 'Thursday', 'Friday', 'Saturday', 'Sunday']","['Mo,We,Th 08:00:00-00:00:00', 'Tu 07:00:00-00:00:00', 'Fr 07:00:00-02:00:00', 'Sa 08:30:00-02:00:00', 'Su 12:00:00-22:00:00']",47.498901,8.727264,0,1,0,0,0,0,0,"['atmosphere', 'atmosphere-alternativ-arty']"
2796,Kafi für Dich,"['Monday', 'Tuesday', 'Wednesday', 'Thursday', 'Friday', 'Saturday', 'Sunday']","['Mo,Tu,We,Th,Fr,Sa,Su 09:00:00-15:00:00']",47.377193,8.522855,1,1,1,1,1,0,0,"['atmosphere', 'atmosphere-alternativ-arty', 'audience-info-children']"
2733,Frau Meise,"['Monday', 'Wednesday', 'Thursday', 'Friday', 'Saturday', 'Sunday']","['Mo,We,Th,Fr 09:30:00-16:00:00', 'Sa,Su 11:00:00-18:00:00']",47.472208034339,8.309660294498,0,1,0,1,0,0,0,[]
2509,Löwen Meilen,"['Monday', 'Tuesday', 'Wednesday', 'Thursday', 'Friday', 'Saturday', 'Sunday']","['Mo,Tu,We,Th 09:00:00-23:00:00', 'Fr,Sa 09:00:00-00:00:00', 'Su 10:00:00-22:00:00']",47.268018,8.640484,0,0,1,1,1,0,0,[]
2491,Gasthof zur Metzg,"['Monday', 'Tuesday', 'Wednesday', 'Thursday', 'Friday', 'Saturday']","['Mo,Tu,We,Th,Fr 06:30:00-13:30:00', 'Mo,Tu,We,Th,Fr,Sa 17:30:00-22:00:00', 'Sa 10:00:00-13:30:00']",47.24536,8.726042,0,0,0,1,1,0,0,[]
2482,Bretzelstube,"['Tuesday', 'Wednesday', 'Thursday', 'Friday', 'Saturday', 'Sunday']","['Tu,We,Th,Fr,Sa 08:15:00-22:00:00', 'Su 08:15:00-19:00:00']",47.184415,8.995441,0,0,1,1,1,0,0,['culinary-local-specialities']
2462,Haus Hiltl,"['Monday', 'Tuesday', 'Wednesday', 'Thursday', 'Friday', 'Saturday', 'Sunday']","['Mo,Tu,We,Th 07:00:00-22:00:00', 'Fr 07:00:00-23:00:00', 'Sa 08:00:00-23:00:00', 'Su 10:00:00-22:00:00']",47.373304,8.53675,1,0,1,1,1,1,1,"['culinary-vegan', 'culinary-vegetarian', 'culinary-local-specialities', 'culinary-mediterranean']"
2458,Hot Pasta,"['Monday', 'Tuesday', 'Wednesday', 'Thursday', 'Friday']","['Mo,Tu,We,Th,Fr 11:00:00-23:00:00']",47.378672,8.547908,0,0,0,1,1,0,0,"['culinary-italian', 'culinary-pizza']"
2456,Gasthof Löwen,"['Tuesday', 'Wednesday', 'Thursday', 'Friday', 'Saturday']","['Tu,We,Th,Fr,Sa 08:30:00-23:30:00']",47.268423,8.818679,0,0,0,1,1,0,0,['culinary-gourmet']
2455,Hummer & Austerbar,"['Tuesday', 'Wednesday', 'Thursday', 'Friday', 'Saturday']","['Tu,We,Th,Fr,Sa 11:00:00-14:00:00', 'Tu,We,Th,Fr,Sa 18:00:00-22:00:00']",47.376412,8.539229,0,0,0,1,1,0,0,"['culinary-gourmet', 'culinary-japanese-sushi', 'culinary-fish', 'culinary-french', 'culinary-mediterranean']"
2449,Il Gattopardo,"['Monday', 'Tuesday', 'Wednesday', 'Thursday', 'Friday', 'Saturday']","['Mo,Tu,We,Th,Fr,Sa 18:00:00-00:00:00', 'Tu,We,Th,Fr 12:00:00-14:30:00']",47.369289,8.544491,0,0,0,1,1,0,0,"['culinary-italian', 'culinary-mediterranean']"
2439,Iroquois,"['Monday', 'Tuesday', 'Wednesday', 'Thursday', 'Friday', 'Saturday', 'Sunday']","['Mo,Tu,We,Su 09:00:00-23:15:00', 'Th,Fr,Sa 09:00:00-00:00:00']",47.358292,8.553736,1,0,1,1,1,0,0,"['culinary-american', 'culinary-bbq']"
2428,Juan Costa Old Inn am Bleicherweg,"['Tuesday', 'Wednesday', 'Thursday', 'Friday']","['Tu,We,Th,Fr 11:00:00-14:30:00', 'Tu,We 17:00:00-22:00:00', 'Th,Fr 17:00:00-23:00:00']",47.365841,8.532561,1,0,0,1,1,0,0,"['culinary-bbq', 'culinary-mediterranean', 'culinary-spanish']"
2421,Kantorei,"['Monday', 'Tuesday', 'Wednesday', 'Thursday', 'Friday', 'Saturday', 'Sunday']","['Mo,Tu,We,Th,Fr 09:00:00-00:00:00', 'Sa 11:30:00-00:00:00', 'Su 11:00:00-23:00:00']",47.372466,8.545473,1,0,1,1,1,0,0,"['culinary-local-specialities', 'culinary-french', 'culinary-mediterranean']"
2416,Kaufleuten,"['Monday', 'Tuesday', 'Wednesday', 'Thursday', 'Friday', 'Saturday', 'Sunday']",,47.371556,8.536285,0,0,0,1,1,0,0,"['culinary-international', 'culinary-local-specialities', 'culinary-mediterranean', 'atmosphere', 'atmosphere-glamurous-and-chic']"
2413,Kindli,"['Tuesday', 'Wednesday', 'Thursday', 'Friday', 'Saturday']","['Tu,We,Th,Fr,Sa 11:30:00-13:30:00', 'Tu,We,Th,Fr,Sa 18:00:00-21:30:00']",47.372285,8.540641,1,0,0,1,1,0,0,"['culinary-local-specialities', 'culinary-mediterranean']"
2406,Lake Side,"['Monday', 'Tuesday', 'Wednesday', 'Thursday', 'Friday', 'Saturday', 'Sunday']","['Mo,Tu,We,Th,Fr,Sa 11:30:00-23:30:00', 'Su 11:00:00-22:00:00']",47.352725,8.553722,1,0,1,1,1,0,0,"['culinary-gourmet', 'culinary-asian', 'culinary-japanese-sushi', 'culinary-local-specialities', 'culinary-fish', 'culinary-mediterranean']"
2404,LaSalle,"['Monday', 'Tuesday', 'Wednesday', 'Thursday', 'Friday', 'Saturday']","['Mo,Tu,We,Th,Fr 11:00:00-00:00:00', 'Sa 17:00:00-00:00:00']",47.388774,8.518929,1,0,0,1,1,0,0,"['culinary-italian', 'culinary-fish', 'culinary-french', 'culinary-mediterranean']"
2402,Le Cèdre Bellevue,"['Monday', 'Tuesday', 'Wednesday', 'Thursday', 'Friday', 'Saturday', 'Sunday']","['Mo,Tu,We,Th,Fr 11:30:00-15:00:00', 'Mo,Tu,We,Th,Fr,Sa,Su 18:00:00-00:00:00', 'Sa,Su 11:30:00-17:00:00']",47.368628,8.544406,0,0,0,1,1,0,1,"['culinary-vegan', 'culinary-oriental']"
2397,Restaurant Trinity,"['Monday', 'Tuesday', 'Wednesday', 'Thursday', 'Friday', 'Saturday']","['Mo,Tu,We,Th,Fr 11:30:00-14:00:00', 'Tu,We,Th,Fr,Sa 18:00:00-21:00:00']",47.367506,8.537487,0,0,0,1,1,1,1,"['culinary-vegan', 'culinary-vegetarian', 'culinary-bbq', 'culinary-french']"
2392,Les Halles,"['Monday', 'Tuesday', 'Wednesday', 'Thursday', 'Friday', 'Saturday']","['Mo,Tu,We,Th,Fr 11:00:00-00:00:00', 'Sa 17:00:00-00:00:00']",47.387863,8.518645,0,0,0,1,1,0,0,"['culinary-french', 'culinary-mediterranean', 'atmosphere', 'atmosphere-alternativ-arty']"
2382,Loft Five,"['Monday', 'Tuesday', 'Wednesday', 'Thursday', 'Friday', 'Saturday']","['Mo,Tu,We,Th 11:30:00-00:00:00', 'Fr 11:30:00-02:00:00', 'Sa 10:30:00-02:00:00']",47.378445,8.533856,0,0,1,1,1,0,0,"['culinary-american', 'culinary-bbq', 'atmosphere', 'atmosphere-glamurous-and-chic']"
2379,Landgasthof zum Zimmermann,"['Monday', 'Tuesday', 'Wednesday', 'Thursday', 'Friday', 'Saturday', 'Sunday']","['Mo,Tu,We,Th,Fr 06:30:00-00:00:00', 'Sa 07:00:00-00:00:00', 'Su 08:00:00-20:00:00']",47.230357,8.848789,0,0,0,1,1,0,0,"['culinary-international', 'culinary-local-specialities']"
2370,Restaurant Echo,"['Wednesday', 'Thursday', 'Friday', 'Saturday', 'Sunday']","['We,Th,Fr,Sa,Su 18:00:00-22:30:00']",47.382515,8.540326,0,0,1,0,1,0,0,['culinary-local-specialities']
2367,Leutschenhaus,"['Tuesday', 'Wednesday', 'Thursday', 'Friday', 'Saturday']","['Tu,We,Th,Fr,Sa 11:30:00-14:00:00', 'Tu,We,Th,Fr,Sa 18:00:00-23:00:00']",47.201658,8.75084,0,0,0,1,1,0,0,['culinary-international']
2361,Gasthof Seefeld,"['Monday', 'Tuesday', 'Wednesday', 'Thursday', 'Friday', 'Saturday', 'Sunday']","['Mo,Tu,We,Th,Fr 06:30:00-23:00:00', 'Sa 07:00:00-23:00:00', 'Su 08:30:00-22:00:00']",47.209332,8.795531,0,0,0,1,1,0,0,[]
2358,Mère Catherine,"['Monday', 'Tuesday', 'Wednesday', 'Thursday', 'Friday', 'Saturday', 'Sunday']","['Mo,Tu,We,Th,Fr 11:30:00-15:00:00', 'Mo,Tu,We,Th,Fr 17:30:00-23:00:00', 'Sa,Su 11:30:00-23:00:00']",47.370821,8.543808,0,0,0,1,1,0,0,"['culinary-fish', 'culinary-french', 'culinary-mediterranean']"
2350,Metropol,"['Monday', 'Tuesday', 'Wednesday', 'Thursday', 'Friday', 'Saturday', 'Sunday']","['Mo,Tu,We,Th,Fr 07:00:00-00:00:00', 'Sa 08:00:00-00:00:00', 'Su 10:00:00-18:00:00']",47.36823,8.541297,1,0,0,1,1,0,0,"['culinary-asian', 'culinary-japanese-sushi', 'atmosphere', 'atmosphere-glamurous-and-chic']"
2341,Eders Eichmühle,"['Wednesday', 'Thursday', 'Friday', 'Saturday', 'Sunday']","['We,Th,Fr,Sa 11:30:00-15:00:00', 'We,Th,Fr,Sa 18:30:00-23:30:00', 'Su 11:30:00-16:00:00']",47.214134,8.681676,0,0,0,1,1,0,0,['culinary-gourmet']
2338,Mövenpick Hotel Restaurant,"['Monday', 'Tuesday', 'Wednesday', 'Thursday', 'Friday', 'Saturday', 'Sunday']","['Mo,Tu,We,Th,Fr,Su 12:00:00-14:00:00', 'Mo,Tu,We,Th,Fr,Sa,Su 18:00:00-22:00:00']",47.4395255,8.5688655,1,1,1,1,1,0,0,"['culinary-international', 'culinary-local-specialities', 'culinary-bbq', 'culinary-mediterranean']"
2322,Berggasthaus Chrüzegg ,"['Saturday', 'Sunday']","['Tu,We,Th,Fr,Sa 08:00:00-21:00:00', 'Su 08:00:00-16:30:00']",47.291534,9.087814,0,0,0,1,1,0,0,[]
2315,Nooba,"['Monday', 'Tuesday', 'Wednesday', 'Thursday', 'Friday', 'Saturday', 'Sunday']","['Mo,Tu,We,Th,Fr,Sa 11:00:00-23:00:00', 'Su 14:00:00-23:00:00']",47.365088,8.554726,1,0,0,1,1,0,0,['culinary-asian']
2313,Oliveiras,"['Tuesday', 'Wednesday', 'Thursday', 'Friday', 'Saturday']","['Tu,We,Th,Fr 11:45:00-14:00:00', 'Tu,We,Th,Fr 18:30:00-23:00:00', 'Sa 18:00:00-23:00:00']",47.19011,8.850043,1,0,0,1,1,0,0,"['culinary-gourmet', 'culinary-mediterranean']"
2311,Osteria Vista,"['Monday', 'Tuesday', 'Wednesday', 'Thursday', 'Friday', 'Saturday', 'Sunday']","['Mo,Tu,We,Th,Fr 11:30:00-13:30:00', 'Mo,Tu,We,Th,Fr 18:00:00-23:00:00', 'Sa,Su 11:30:00-23:00:00']",47.193486,8.851502,1,0,0,1,1,0,0,"['culinary-italian', 'culinary-pasta', 'culinary-pizza']"
2307,Brasserie du Lac,"['Monday', 'Tuesday', 'Wednesday', 'Thursday', 'Friday', 'Saturday', 'Sunday']","['Mo,Tu,We,Th,Fr 07:00:00-22:30:00', 'Sa,Su 08:00:00-22:30:00']",47.136607,9.106662,0,0,0,1,1,0,0,"['culinary-local-specialities', 'culinary-fish']"
2305,Parkhuus,"['Monday', 'Tuesday', 'Wednesday', 'Thursday', 'Friday', 'Saturday']",,47.365985,8.533419,0,0,0,1,1,0,0,"['culinary-gourmet', 'culinary-local-specialities', 'culinary-mediterranean']"
2279,Restaurant & Bar Zürichberg,"['Monday', 'Tuesday', 'Wednesday', 'Thursday', 'Friday', 'Saturday', 'Sunday']","['Mo,Tu,We,Th,Fr 06:30:00-21:00:00', 'Sa,Su 07:30:00-21:00:00']",47.382455,8.567144,0,1,1,1,1,0,0,"['culinary-gourmet', 'culinary-local-specialities']"
2277,Differente im Hotel Krone Unterstrass,"['Monday', 'Tuesday', 'Wednesday', 'Thursday', 'Friday', 'Saturday', 'Sunday']","['Mo,Tu,We,Th,Fr 08:00:00-23:00:00', 'Sa 17:00:00-23:00:00']",47.388158,8.539038,0,0,0,1,1,0,0,['culinary-mediterranean']
2275,Chäsalp,"['Monday', 'Tuesday', 'Wednesday', 'Thursday', 'Friday', 'Saturday', 'Sunday']","['Mo,Tu,We,Th,Fr,Sa 11:30:00-14:30:00', 'Mo,Tu,We,Th,Fr,Sa 17:30:00-00:00:00', 'Su 10:00:00-00:00:00']",47.382069,8.587926,0,0,1,1,1,0,0,['culinary-local-specialities']
2268,Emilio,"['Monday', 'Tuesday', 'Wednesday', 'Thursday', 'Friday', 'Saturday', 'Sunday']","['Mo,Tu,We,Th,Fr,Sa,Su 12:00:00-13:30:00', 'Mo,Tu,We,Th,Fr,Sa,Su 18:00:00-21:30:00']",47.372944,8.527191,0,0,0,1,1,0,0,['culinary-spanish']
2260,Gartenhof,"['Monday', 'Tuesday', 'Wednesday', 'Thursday', 'Friday', 'Saturday']","['Mo,Tu,We,Th,Fr 11:30:00-14:00:00', 'Mo,Tu,We,Th,Fr,Sa 18:00:00-00:00:00']",47.371909,8.525645,0,0,0,1,1,0,0,"['culinary-local-specialities', 'culinary-mediterranean']"
2258,Restaurant Hillz,"['Wednesday', 'Thursday', 'Friday', 'Saturday', 'Sunday']","['We,Th 10:00:00-22:00:00', 'Fr,Sa 10:00:00-23:00:00', 'Su 10:00:00-18:00:00']",47.3485,8.4918,1,0,1,1,1,0,0,"['culinary-local-specialities', 'audience-info-children']"
2255,Haus zum Rüden,"['Tuesday', 'Wednesday', 'Thursday', 'Friday', 'Saturday']","['Tu,We,Th,Fr,Sa 11:00:00-23:00:00']",47.370857,8.543202,1,0,0,1,1,0,0,"['culinary-local-specialities', 'culinary-mediterranean']"
2251,Hirschen am See,"['Wednesday', 'Thursday', 'Friday', 'Saturday', 'Sunday']","['We,Th,Fr,Sa,Su 18:00:00-22:00:00', 'Th,Fr,Sa,Su 11:30:00-14:00:00']",47.264364,8.655994,0,0,0,1,1,0,0,"['culinary-gourmet', 'culinary-mediterranean']"
2249,Le Dézaley,"['Monday', 'Tuesday', 'Wednesday', 'Thursday', 'Friday', 'Saturday']","['Mo,Tu,We,Th,Fr,Sa 11:30:00-14:30:00', 'Mo,Tu,We,Th,Fr,Sa 17:30:00-23:00:00']",47.370661,8.543785,0,0,0,1,1,0,0,['culinary-local-specialities']
2241,Restaurant Steinbock,"['Wednesday', 'Thursday', 'Friday', 'Saturday', 'Sunday']","['Mo 11:30:00-14:30:00', 'Tu,We,Th,Fr 17:00:00-23:30:00', 'Sa,Su 11:00:00-22:00:00']",47.226093,8.814641,0,0,0,1,1,0,0,"['culinary-local-specialities', 'culinary-mediterranean']"
2239,Restaurant Theater 11,[],,47.410841,8.549477,0,0,0,1,1,0,0,"['culinary-local-specialities', 'culinary-mediterranean']"
2237,Zum Grünen Glas,"['Monday', 'Tuesday', 'Wednesday', 'Thursday', 'Friday', 'Saturday']","['Mo,Tu,We,Th,Fr 11:30:00-14:00:00', 'Mo,Tu,We,Th,Fr,Sa 17:30:00-23:00:00']",47.371508,8.545721,0,0,0,1,1,0,0,"['culinary-local-specialities', 'culinary-mediterranean']"
2234,Zum Kropf,"['Monday', 'Tuesday', 'Wednesday', 'Thursday', 'Friday', 'Saturday']","['Mo,Tu,We,Th,Fr 11:30:00-14:00:00', 'Mo,Tu,We,Th,Fr,Sa 18:00:00-23:00:00']",47.370687,8.54019,0,0,0,1,1,0,0,['culinary-local-specialities']
2224,Ristorante La Scala,"['Monday', 'Tuesday', 'Wednesday', 'Thursday', 'Friday', 'Saturday', 'Sunday']","['Mo,Tu,We,Th,Fr,Sa,Su 11:30:00-14:00:00', 'Mo,Tu,We,Th,Fr,Sa,Su 17:30:00-22:30:00']",47.225589,8.815215,0,0,0,1,1,0,0,"['culinary-italian', 'culinary-pasta', 'culinary-pizza']"
2219,La Rôtisserie,"['Monday', 'Tuesday', 'Wednesday', 'Thursday', 'Friday', 'Saturday', 'Sunday']","['Mo,Tu,We,Th,Fr,Sa 11:45:00-14:00:00', 'Mo,Tu,We,Th,Fr,Sa,Su 18:00:00-22:00:00', 'Su 11:30:00-15:00:00']",47.371186,8.541746,0,0,1,1,1,0,0,"['culinary-local-specialities', 'culinary-mediterranean']"
2214,Sala of Tokyo,"['Tuesday', 'Wednesday', 'Thursday', 'Friday', 'Saturday']","['Tu,We,Th,Fr 11:30:00-14:00:00', 'Tu,We,Th,Fr,Sa 18:00:00-23:00:00']",47.376182,8.540213,0,0,0,1,1,0,0,"['culinary-gourmet', 'culinary-asian', 'culinary-japanese-sushi']"
2212,San Marco,"['Monday', 'Tuesday', 'Wednesday', 'Thursday', 'Friday', 'Saturday', 'Sunday']","['Mo,Tu,We,Th,Fr,Sa 11:30:00-23:00:00', 'Su 11:30:00-22:30:00']",47.226123,8.814861,0,0,0,1,1,0,0,"['culinary-italian', 'culinary-pasta', 'culinary-pizza']"
2209,Sayori Sushi Bar,"['Monday', 'Tuesday', 'Wednesday', 'Thursday', 'Friday', 'Saturday', 'Sunday']","['Mo,Tu,We,Th,Fr,Sa,Su 10:00:00-23:00:00']",47.225536,8.816877,0,0,0,1,1,0,0,"['culinary-asian', 'culinary-japanese-sushi']"
2207,Restaurant Schipfe 16,"['Monday', 'Tuesday', 'Wednesday', 'Thursday', 'Friday', 'Saturday']",,47.373118,8.54179,1,0,0,1,1,0,0,"['culinary-local-specialities', 'culinary-mediterranean']"
2198,Sedartis,"['Monday', 'Tuesday', 'Wednesday', 'Thursday', 'Friday', 'Saturday', 'Sunday']",,47.295489,8.565923,1,1,0,1,1,0,0,"['culinary-local-specialities', 'culinary-mediterranean']"
2196,Seehof,"['Monday', 'Tuesday', 'Wednesday', 'Thursday', 'Friday', 'Saturday', 'Sunday']","['Mo,Tu,We,Th,Fr,Sa 07:00:00-00:00:00', 'Su 07:00:00-22:00:00']",47.225399,8.943753,0,0,0,1,1,0,0,['culinary-local-specialities']
2194,Sento,"['Monday', 'Tuesday', 'Wednesday', 'Thursday', 'Friday']",,47.373738,8.553185,1,0,0,1,1,0,0,"['culinary-italian', 'culinary-pasta', 'culinary-pizza']"
2188,Sonnengalerie – Romantik Seehotel Sonne Küsnacht,"['Monday', 'Tuesday', 'Wednesday', 'Thursday', 'Friday', 'Saturday', 'Sunday']","['Mo,Tu,We,Th,Fr 12:00:00-19:00:00', 'Sa,Su 12:00:00-20:00:00']",47.319026,8.578657,0,0,0,1,1,0,0,"['culinary-gourmet', 'culinary-local-specialities', 'culinary-mediterranean']"
2185,Wirtshaus zur Krone,"['Monday', 'Tuesday', 'Wednesday', 'Thursday', 'Friday', 'Saturday', 'Sunday']","['Mo,Tu,We,Th,Fr 06:30:00-23:00:00', 'Sa 07:00:00-23:00:00', 'Su 07:00:00-10:30:00']",47.499379,8.727405,0,1,0,1,1,0,0,['culinary-local-specialities']
2179,Restaurant Viadukt,"['Monday', 'Tuesday', 'Wednesday', 'Thursday', 'Friday', 'Saturday', 'Sunday']","['Mo,Tu,We,Th,Fr 08:00:00-00:00:00', 'Sa 09:00:00-00:00:00', 'Su 10:00:00-00:00:00']",47.386143,8.522029,0,0,0,1,1,0,0,[]
2171,Brauerei Steinfels,"['Monday', 'Tuesday', 'Wednesday', 'Thursday', 'Friday', 'Saturday', 'Sunday']","['Mo,Tu,We,Th 11:00:00-00:00:00', 'Fr 11:00:00-02:00:00', 'Sa 16:00:00-02:00:00']",47.388727,8.521379,0,0,0,1,1,0,0,"['culinary-international', 'atmosphere-relaxed-and-cosy', 'atmosphere']"
2155,The Bite,"['Monday', 'Tuesday', 'Wednesday', 'Thursday', 'Friday', 'Saturday', 'Sunday']","['Mo,Tu,We,Th,Fr,Sa,Su 17:30:00-22:00:00', 'Sa,Su 10:00:00-14:00:00']",47.377334,8.527765,0,0,0,0,1,0,0,['culinary-american']
2151,Tao's Restaurant,"['Monday', 'Tuesday', 'Wednesday', 'Thursday', 'Friday', 'Saturday']","['Mo,Tu,We,Th,Fr 11:30:00-14:00:00', 'Mo,Tu,We,Th,Fr,Sa 18:00:00-00:00:00', 'Sa 12:00:00-15:00:00']",47.371516,8.540126,0,0,0,1,1,0,0,"['culinary-asian', 'atmosphere', 'atmosphere-glamurous-and-chic']"
2138,Tessin Grotto,"['Wednesday', 'Thursday', 'Friday', 'Saturday', 'Sunday']","['We,Th,Fr,Sa 09:00:00-23:00:00', 'Su 09:00:00-22:00:00']",47.403362,8.515915,1,0,0,1,1,0,0,['culinary-local-specialities']
2136,Thai Orchid Gourmet,"['Wednesday', 'Thursday', 'Friday', 'Saturday', 'Sunday']","['We,Th,Fr,Sa 11:30:00-14:00:00', 'We,Th,Fr,Sa,Su 17:30:00-23:00:00']",47.228312,8.819155,0,0,0,1,1,0,0,['culinary-asian']
2133,The Steakhouse,"['Monday', 'Tuesday', 'Wednesday', 'Thursday', 'Friday', 'Saturday', 'Sunday']","['Mo,Tu,We,Th,Fr 11:30:00-14:00:00', 'Mo,Tu,We,Th,Fr 18:00:00-23:00:00', 'Sa 17:30:00-23:00:00', 'Su 11:30:00-23:00:00']",47.193486,8.851502,1,0,0,1,1,0,0,"['culinary-bbq', 'culinary-fish']"
2131,Totò,"['Monday', 'Tuesday', 'Wednesday', 'Thursday', 'Friday', 'Saturday', 'Sunday']","['Mo,Tu,We,Th,Fr 11:30:00-14:00:00', 'Mo,Tu,We,Th,Fr 18:00:00-22:00:00', 'Sa,Su 11:30:00-22:00:00']",47.35809,8.553849,1,0,1,1,1,0,0,"['culinary-italian', 'culinary-pasta', 'culinary-pizza', 'atmosphere-lively-and-cheerful', 'atmosphere']"
2127,Restaurant Quellenhof,"['Wednesday', 'Thursday', 'Friday', 'Saturday', 'Sunday']","['We,Th,Fr,Sa,Su 10:00:00-14:30:00', 'We,Th,Fr,Sa 17:30:00-23:00:00', 'Su 17:30:00-22:00:00']",47.2280609,8.8192286,1,0,0,1,1,0,0,"['culinary-international', 'culinary-gourmet', 'culinary-local-specialities']"
2126,Veltlinerkeller,"['Monday', 'Tuesday', 'Wednesday', 'Thursday', 'Friday']","['Mo,Tu,We,Th,Fr 11:30:00-00:00:00']",47.370973,8.541172,1,0,0,1,1,0,0,"['culinary-local-specialities', 'culinary-mediterranean']"
2124,Daniel H.,"['Tuesday', 'Wednesday', 'Thursday', 'Friday', 'Saturday']","['Tu,We,Th 17:00:00-00:00:00', 'Fr 17:00:00-02:00:00', 'Sa 19:00:00-02:00:00']",47.375427,8.529303,0,0,0,0,1,0,0,"['culinary-local-specialities', 'atmosphere-relaxed-and-cosy', 'atmosphere', 'atmosphere-lgbtq']"
2112,Confiserie Speck,"['Monday', 'Tuesday', 'Wednesday', 'Thursday', 'Friday', 'Saturday', 'Sunday']","['Mo,Tu,We,Th,Fr 06:30:00-18:30:00', 'Sa 07:00:00-17:00:00', 'Su 08:00:00-12:00:00']",47.172483,8.5149,0,1,0,1,0,0,0,[]
2107,Zeughauskeller,"['Monday', 'Tuesday', 'Wednesday', 'Thursday', 'Friday', 'Saturday', 'Sunday']","['Mo,Tu,We,Th,Fr,Sa,Su 11:30:00-23:00:00']",47.370373,8.539923,0,0,0,1,1,0,0,['culinary-local-specialities']
2101,"Café & Restaurant Confiserie Sprüngli, Paradeplatz","['Monday', 'Tuesday', 'Wednesday', 'Thursday', 'Friday', 'Saturday', 'Sunday']","['Mo,Tu,We,Th,Fr 08:30:00-18:30:00', 'Sa 09:00:00-18:30:00', 'Su 09:00:00-17:00:00']",47.369486,8.539159,1,1,1,1,0,0,0,[]
2097, White Elephant,"['Monday', 'Tuesday', 'Wednesday', 'Thursday', 'Friday', 'Saturday', 'Sunday']","['Mo,Tu,We,Th,Fr 12:00:00-14:00:00', 'Mo,Tu,We,Th,Fr,Sa,Su 18:00:00-22:00:00']",47.382602,8.54046,1,0,0,1,1,0,0,['culinary-asian']
2093,Konditorei Confiserie Caredda,"['Monday', 'Tuesday', 'Wednesday', 'Thursday', 'Friday', 'Saturday', 'Sunday']","['Mo,Tu,We,Th,Fr 07:00:00-19:00:00', 'Sa 07:30:00-17:00:00', 'Su 08:00:00-16:00:00']",47.383795,8.52919,0,0,0,1,0,0,0,[]
2092,Widder Restaurant,"['Wednesday', 'Thursday', 'Friday', 'Saturday', 'Sunday']","['We,Th,Fr,Sa 19:00:00-23:00:00', 'Su 12:00:00-13:30:00']",47.37244,8.539856,1,0,0,1,1,0,0,['culinary-gourmet']
2085,Z am Park,"['Tuesday', 'Wednesday', 'Thursday', 'Friday', 'Saturday', 'Sunday']","['Tu,We,Th,Fr 10:00:00-23:00:00', 'Sa,Su 10:00:00-18:00:00']",47.37651,8.511279,0,1,0,1,1,1,0,"['culinary-vegetarian', 'atmosphere', 'atmosphere-cool-and-trendy']"
2060,Babu’s Bakery & Coffeehouse,"['Monday', 'Tuesday', 'Wednesday', 'Thursday', 'Friday', 'Saturday', 'Sunday']","['Mo,Tu,We,Th,Fr 07:00:00-18:00:00', 'Sa 08:00:00-18:00:00', 'Su 09:00:00-17:00:00']",47.373094,8.534363,0,1,1,0,0,0,0,[]
2045,Pumpstation,"['Monday', 'Tuesday', 'Wednesday', 'Thursday', 'Friday', 'Saturday', 'Sunday']","['Mo,Tu,We,Th,Fr,Sa,Su 11:30:00-00:00:00']",47.3633536,8.5467399,0,0,0,1,1,0,0,"['culinary-bbq', 'atmosphere-relaxed-and-cosy', 'atmosphere']"
2021,Oepfelchammer,"['Tuesday', 'Wednesday', 'Thursday', 'Friday', 'Saturday']","['Tu,We,Th,Fr,Sa 16:00:00-00:00:00']",47.372346,8.544576,1,0,0,1,1,0,0,['culinary-local-specialities']
2019,Zunfthaus zur Zimmerleuten,"['Monday', 'Tuesday', 'Wednesday', 'Thursday', 'Friday', 'Saturday', 'Sunday']","['Mo,Tu,We,Th,Fr,Sa,Su 11:30:00-22:30:00']",47.370637,8.543231,1,0,0,1,1,0,0,['culinary-local-specialities']
2014,tibits Seefeld,"['Monday', 'Tuesday', 'Wednesday', 'Thursday', 'Friday', 'Saturday', 'Sunday']","['Mo,Tu,We,Th 07:00:00-22:00:00', 'Fr 07:00:00-23:00:00', 'Sa 08:00:00-23:00:00', 'Su 09:00:00-22:00:00']",47.364953,8.547887,0,1,1,1,1,1,1,"['culinary-vegan', 'culinary-vegetarian']"
2005,Terrasse,"['Monday', 'Tuesday', 'Wednesday', 'Thursday', 'Friday', 'Saturday', 'Sunday']","['Mo,Tu,We,Th 11:30:00-23:00:00', 'Fr,Sa 11:30:00-00:00:00', 'Su 09:00:00-23:00:00']",47.367778,8.544484,0,0,1,0,0,0,0,"['culinary-italian', 'culinary-mediterranean', 'culinary-pizza', 'atmosphere', 'atmosphere-glamurous-and-chic']"
1924,Tschingg Oberdorf,"['Monday', 'Tuesday', 'Wednesday', 'Thursday', 'Friday', 'Saturday']","['Mo,Tu,We,Th 08:00:00-22:00:00', 'Fr 08:00:00-23:00:00', 'Sa 09:00:00-23:00:00']",47.368295,8.545987,0,0,0,1,1,1,0,"['culinary-italian', 'culinary-vegetarian', 'culinary-pizza']"
1833,Restaurant Wassberg,"['Monday', 'Tuesday', 'Wednesday', 'Thursday', 'Friday', 'Saturday', 'Sunday']","['Mo,Tu,We,Th,Fr 11:30:00-14:00:00', 'Mo,Tu,We,Th,Fr 18:00:00-22:00:00']",47.333187,8.650121,0,0,0,1,1,0,0,['culinary-local-specialities']
1801,mundArtbeiz,"['Tuesday', 'Wednesday', 'Thursday', 'Friday', 'Saturday']","['Tu,We,Th,Fr,Sa 08:30:00-23:00:00']",47.229054,8.824502,0,0,0,1,1,0,0,['culinary-local-specialities']
1789,Landgasthof Halbinsel Au,"['Monday', 'Tuesday', 'Wednesday', 'Thursday', 'Friday', 'Saturday', 'Sunday']","['Mo,Tu,We,Th,Fr,Sa,Su 11:00:00-23:00:00']",47.249214,8.646701,0,1,1,1,1,0,0,"['culinary-local-specialities', 'culinary-fish']"
1786,Frohberg Jona,"['Monday', 'Tuesday', 'Wednesday', 'Thursday', 'Friday', 'Saturday', 'Sunday']","['Mo,Tu 11:00:00-14:00:00', 'Mo,Tu 17:30:00-22:30:00', 'We,Th 11:00:00-22:00:00', 'Fr,Sa,Su 11:00:00-22:30:00']",47.241454,8.827818,0,0,0,1,1,1,0,"['culinary-vegetarian', 'culinary-fish', 'culinary-mediterranean']"
1779,Restaurant auf dem Bächlihof,"['Monday', 'Tuesday', 'Wednesday', 'Thursday', 'Friday', 'Saturday', 'Sunday']",,47.2198519,8.8434325,0,0,1,1,1,0,0,['culinary-local-specialities']
1777,Restaurant Juckerhof,"['Monday', 'Tuesday', 'Wednesday', 'Thursday', 'Friday', 'Saturday', 'Sunday']",,47.343803,8.772844,0,1,1,1,1,1,0,"['culinary-vegetarian', 'culinary-local-specialities', 'culinary-bbq']"
1769,Fuego 2.0,"['Monday', 'Tuesday', 'Wednesday', 'Thursday', 'Friday', 'Saturday', 'Sunday']","['Mo,Tu,We,Th,Fr 06:30:00-23:00:00', 'Sa 07:30:00-10:30:00', 'Sa 17:30:00-23:30:00', 'Su 07:30:00-11:00:00', 'Su 17:30:00-23:00:00']",47.168346,8.727199,1,1,0,1,1,0,0,"['culinary-local-specialities', 'culinary-bbq']"
1738,Gourmetbar,"['Monday', 'Tuesday', 'Wednesday', 'Thursday', 'Friday', 'Saturday', 'Sunday']","['Mo,Tu,We,Th,Fr,Sa,Su 12:00:00-14:00:00', 'Mo,Tu,We,Th,Fr,Sa,Su 18:00:00-22:00:00']",47.389136,8.516744,0,0,0,0,0,0,0,[]
1729,Kafischnaps,"['Monday', 'Tuesday', 'Wednesday', 'Thursday', 'Friday', 'Saturday', 'Sunday']","['Mo,Tu,We,Th,Fr 08:00:00-00:00:00', 'Sa 09:00:00-00:00:00', 'Su 09:00:00-22:00:00']",47.391225,8.535997,0,1,0,1,0,0,0,['atmosphere-relaxed-and-cosy']
1719,Jules Verne Panorama Bar,"['Tuesday', 'Wednesday', 'Thursday', 'Friday', 'Saturday']","['Tu,We,Th 17:30:00-23:00:00', 'Fr 17:30:00-00:00:00', 'Sa 14:00:00-00:00:00']",47.374238,8.539406,0,0,0,1,0,0,0,['atmosphere-glamurous-and-chic']
1710,Henrici,"['Monday', 'Tuesday', 'Wednesday', 'Thursday', 'Friday', 'Saturday', 'Sunday']","['Mo 08:00:00-22:00:00', 'Tu,We,Th 08:00:00-23:00:00', 'Fr 08:00:00-00:00:00', 'Sa 09:00:00-00:00:00', 'Su 09:00:00-22:00:00']",47.372662,8.543608,0,0,1,0,0,0,0,[]
1706,Frohberg Stäfa,,,47.2446,8.736289,0,0,0,1,1,1,0,"['culinary-vegetarian', 'culinary-local-specialities']"
1687,Dieci al lago,"['Monday', 'Tuesday', 'Wednesday', 'Thursday', 'Friday', 'Saturday', 'Sunday']","['Mo,Tu,We,Th,Fr,Sa,Su 09:00:00-00:00:00']",47.225499,8.815631,0,0,0,1,1,0,0,"['culinary-italian', 'culinary-pasta', 'culinary-pizza']"
1673,Gibswilerstube,"['Tuesday', 'Wednesday', 'Thursday', 'Friday', 'Saturday', 'Sunday']","['Tu,We,Th,Fr,Sa 08:00:00-22:00:00', 'Su 09:00:00-22:00:00']",47.31336,8.913882,0,0,0,1,1,0,0,"['culinary-italian', 'culinary-local-specialities', 'culinary-pasta', 'culinary-pizza', 'audience-info-children']"
1658,Restaurant «Ö»,"['Monday', 'Tuesday', 'Wednesday', 'Thursday', 'Friday']","['Mo,Tu,We,Th,Fr 11:30:00-00:00:00']",47.408445,8.546438,0,0,0,1,1,0,0,['culinary-mediterranean']
1651,Brasserie Schiller,"['Tuesday', 'Wednesday', 'Thursday', 'Friday', 'Saturday', 'Sunday']","['Tu,We,Th,Fr 11:30:00-14:00:00', 'Tu,We,Th,Fr,Sa 17:30:00-00:00:00', 'Su 10:00:00-00:00:00']",47.365512,8.547342,0,0,1,1,1,0,0,['culinary-french']
1591,Clouds Bar & Bistro,"['Tuesday', 'Wednesday', 'Thursday', 'Friday', 'Saturday']","['Tu,We,Th 11:00:00-22:00:00', 'Fr,Sa 11:00:00-23:00:00']",47.386021,8.517188,0,0,1,0,0,0,0,"['atmosphere', 'atmosphere-glamurous-and-chic']"
1574,Carlton Restaurants & Bar,"['Monday', 'Tuesday', 'Wednesday', 'Thursday', 'Friday', 'Saturday']","['Mo,Tu,We,Th,Fr 11:30:00-00:00:00', 'Sa 10:30:00-00:00:00']",47.371459,8.537801,0,0,1,0,0,0,0,"['culinary-international', 'culinary-local-specialities', 'atmosphere', 'atmosphere-glamurous-and-chic']"
1524,Brasserie Louis,"['Monday', 'Tuesday', 'Wednesday', 'Thursday', 'Friday', 'Saturday', 'Sunday']","['Mo,Tu 17:00:00-22:00:00', 'We,Th 11:30:00-14:00:00', 'We,Th 17:30:00-22:00:00', 'Fr,Sa,Su 11:30:00-23:00:00']",47.372981,8.543859,0,0,0,1,1,0,0,"['culinary-fish', 'culinary-french']"
1509,Brasserie Lipp,"['Tuesday', 'Wednesday', 'Thursday', 'Friday', 'Saturday']","['Tu,We,Th,Fr 12:00:00-15:00:00', 'Tu,We,Th,Fr 18:00:00-23:00:00', 'Sa 12:00:00-23:00:00']",47.374238,8.539406,1,1,1,1,1,0,0,"['culinary-fish', 'culinary-french', 'culinary-mediterranean']"
1501,Brasserie Federal,"['Monday', 'Tuesday', 'Wednesday', 'Thursday', 'Friday', 'Saturday', 'Sunday']","['Mo,Tu,We,Su 09:00:00-22:00:00', 'Th,Fr,Sa 09:00:00-00:00:00']",47.378024,8.540705,0,1,1,1,1,0,0,['culinary-local-specialities']
1477,Bodega Española,"['Monday', 'Tuesday', 'Wednesday', 'Thursday', 'Friday', 'Saturday', 'Sunday']","['Mo,Tu,We,Th,Fr,Sa,Su 10:30:00-00:00:00']",47.371221,8.544161,0,0,0,1,1,0,0,"['culinary-mediterranean', 'culinary-spanish']"
