Restaurant,Review,Points,Sentiment
Brasserie Louis,"I was in Madrid for the third time in November last year and I had been recommended to visit Ramses on previous occasions but I hadn‚Äôt had the chance, so on this trip I made sure that the restaurant was part of my plans. There...were outdoor and indoor seating options. I went for the indoor option closes to the kitchen pass.

The Food:
I ordered a roasted pumpkin soup with truffled ricotta tortelloni and ‚Äúdukkha‚Äù for starters and Monkfish loin ‚ÄúDonostiarra‚Äù style with triple cooked chips for the main course. On the face of it, it appears to be a glorified fish and chip supper with and equally glorified pumpkin soup starter(!) 

But before all of that came to the table, I was provided with some nibbles in the form of olives, cheese and corn nuts as well as two small pieces of bread. All gladly received and a nice way to settle into the evening.

On to the dishes. The roasted pumpkin soup was silky smooth and creamy, the truffled ricotta providing a that balance in taste, the tortelloni cooked to perfection and the ‚Äúdukkha‚Äù - which is a herb and spice mix - sprinkled across the soup gave an elevation to the dish. As soups go this was exquisite! I felt I could have had another and another!! The main course of monkish, was brought to the table by a waiter who then proceeded to debone the fish and serve it to me. The fish was juicy and meaty. The portion size was generous. I could not fault the fish at all, morsel after morsel of rich, succulent monkfish was heavenly. This was accompanied by the triple cooked chips, which at first glance I thought was not enough of a portion size, however they were bricks rather than chips! After eating two, I was starting to get very full and I still had half of the fish left. The chips were accompanied with piquillo peppers. One can have the chips ‚Äútruffled‚Äù - but I went for the plain variety. The piquillo peppers were a nice addition and added a chilli fruitiness to the main course.

Having highlighted the pretentiousness of the names of the dishes, The taste and the portions more than lived up to it. I did say I could have had another soup such was the taste, but Im glad I didn‚Äôt, because the main course was substantial. The taste of the food was top notch!

Service:
The service was equally excellent. I was greeted by at the entrance and I was asked if I wanted to sit outside (as I had made a reservation for the kitchen area). It wasn‚Äôt too cold and the place had a nice buzz outside so I was grateful for the offer, but I opted to sit in side, in relative peace! The deftness of the waiter to carve the fish was very good and somewhat unexpected theatre - I assumed I would just simply be served a plate of fish, and so this was a nice touch. In general the attentiveness of the staff was equally good too and the service was speedy but not rushed!

Cleanliness:
The place was spotless. This is a high end restaurant in Madrid and therefore I had higher expectations than normal and this place certainly lived up to that. 

Ambience:
There was a wonderful buzz outside, the place was in fact heaving! The inside was much more quieter and more peaceful. The only slight criticism I had was that the inside was just a tad too dark and could have done with a little bit more lighting. I also felt that the decor was dark as well and therefore this didn‚Äôt help - there was a light within the table which added a sense of opulence to the surroundings but overall the lighting wasn‚Äôt enough.

Price:
Make no mistake, this is a high end restaurant with prices to match. The soup cost me ‚Ç¨17 and the monkfish ‚Ç¨34. The chips cost ‚Ç¨6 and if I had them truffled would have set me back ‚Ç¨10. The taste of the food and the portions do also make the price easier to digest (pun intended!) but if you after a budget eatery this isnt it!

Overall:
Fantastic restaurant, I would definitely come here again and similar to this being a recommendation for me, I would recommend this place to one and all. The restaurant also updates its menu from time to time therefore if you have been here once, you will feel that there will be more to try. Fantastic place - even with the prices, I would suggest to go and eat here!More",5.0,1
Brasserie Louis,"4 1/2 bubbles. The food here is excellent. Best pumpkin soup ever, divine b≈ìuf bourguignon, very good housemade ravioli. Excellent port poached plums (with cinnamon ice cream). Charming Paris bistro decor/ambiance. Only complaint; the space was overheated.",4.0,1
Brasserie Louis,"The food and ambiance are superb. All the staff are super friendly and attentive. Not to mention, the decorations of the restaurant added for the festive season are fantastic.",5.0,1
Brasserie Louis,"Staff is just arrogant and rude - without any given reason. Was shocked by their tone and way they speak to their customers.
Really wondering how they can survive in Switzerland and in a touristic spot.More",1.0,0
Brasserie Louis,The tone and arrogance of the personal is below imagination and everything but service oriented. Really shocking for Switzerland and a place located in the tourists area.More,1.0,0
Brasserie Louis,"We waited for oysters for half an hour , and only a third of seats was occupied. Then we asked about the oy waters and the snails we ordered and they just said sorry- we will remind the kitchen. I mean , oysters don‚Äôt require...much cooking , same as snails .More",2.0,0
Brasserie Louis,"Very nice place, well decorated. Menu is not big but classical French cuisine, such as Moule, entrec√¥te caf√© de Paris, tartare.
Nice service. Pomme allumettes (french fries) so nice.
Highly recommended 
Good quality/price",5.0,1
Brasserie Louis,I had mussels and it was very good. The food came very quickly and it was very enjoyable. Also in a lovely part of the old town.,4.0,1
Brasserie Louis,"We had the escargot, lobster bisque and the steak.  More than enough to share and also a great wine list.  Would highly recommend!",5.0,1
Brasserie Louis,"I had the good fortune to dine here twice. Yes, the prices are steep. ( A tour guide in Lucerne told me that ‚Äú cheap ‚Äú does not exist in Switzerland. ). The first night I just wanted to have a light meal, so I...sat at the bar and ordered a glass of wine and quiche Lorraine with salad.  The next night, being in a mood to celebrate because it was the end of my European trip and my Covid test was negative, I returned intending to put on the Ritz. I had lobster bisque and Spaghetti with clams and mussels, an apple pie type dessert, and several glasses of wine.  My bartender and server both nights was Theo, an impressive young gentleman who really put a nice touch at the end of my trip.More",5.0,1
Brasserie Louis,"After having been to three different restaurants on the same street and having received horrible service Brasserie Louis was really a true gem. Were immediately greeted by a smiling lady who said that unfortunately she only had a table at the bar, little did she...not that the option suited my mother and myself perfectly as my mother cannot sit after a spinal injury 5 years ago ! So I grabbed a chair at the bar and my  mother stood next to me and had her plate in the perfect height. 
All the staff was extremely friendly and smiling and the atmosphere between sounded and looked really friendly and good, was a little bit more relaxing than I thought it would be but a really nice warm feeling.
I had the gratinated goat cheese to start with which was so yummie, then followed with the tartare de b√¶uf which was amazing !! My mother had the entrecote and really liked it. To end with I got the best creme brulee i've ever had, perfectly crunchy at the top and so creamy underneath. My mother had the chocolate cake and thought it was a little to much baked.
Julia our waitress was really nice, took great care of us all with this effortless nice attitude but still remaining professional. 
I had a glass of kir to start with, served in a larger glass than I normally have it but still nice and then a glass of chablis which was perfectly nice.
Thoroughly recommend Brasserie Louis for the atmosphere, good food and decor.More",5.0,1
Brasserie Louis,"‚ÄòTwas a Monday night and both of my friend‚Äôs recommendations were closed when we stumbled on this local gem. We loved the perfect brasserie atmosphere and we felt completely at home and out of the chill as the evening fell. The two guys who ran...the dining room were extremely welcoming and, over the course of the evening, we marveled at the aplomb with which they ran the dining room. A glass of Deutz Champagne and Louis Latour Chablis later, the onion soup, which Anne said was one of the best she‚Äôd ever had, and a warm salad with chanterelles arrived. Beautiful. Anne‚Äôs Entrec√¥te steak came later, smothered in a delicious mustard-scented Bernaise, a d was perfectly done (she likes it really rare). My Veal Cordon Bleu was well made too. The frites that came with both entrees were thin, nicely hot, and thoroughly addictive: an epiphany for this frites lover. Midway through, we swapped plates and our glasses of Latour Santenay and Cotes de Castillon.  We regrettably skipped the tempting desserts but congratulated ourselves  for lucking into a real Zurich find!More",5.0,1
Brasserie Louis,"I don't like leaving negative reviews but I feel I have to now. This place is incredibly EXPENSIVE, even for Swiss standards. The staff is nice, but you feel very much like you're work to them. The food is... Well it's okay. But the money......Yes, Switzerland and especially Z√ºrich are expensive, but 28 CHF (~26 EUR, 30 USD) for a burger and some fries is steep, especially if that burger is average at best. The place is nice, but the price/quality ratio is ridiculous.More",1.0,0
Brasserie Louis,"Strolling around the Niederdorf my eye caught the ""Fine de Claires"" oysters written on the restaurant chalkboard. So my wife and I sat down on the terrace and had a wonderful French meal. Oysters, Escargot and the best Quiche Lorraine in ages with delicious salads....David our waiter was charming, helpful and also made us laugh! All this accompanied by some excellent white wine. So, I would definitely recommend Brasserie Louis, definitely had a great great time and delicious meal.More",5.0,1
Brasserie Louis,"Very delicious food, nice place and very friendly staff. Well located in Zurich and highly recommended.",5.0,1
Brasserie Louis,"Since restaurant not open on the usual date for motherday, we just delayed our common mothersday brunch for a week. Since Brasserie Lipp doesn't open anymore Sundays, we had been looking for a different frech style restaurant. 
Brasserie Louis is located near the hirschenplatz in...More",4.0,1
Brasserie Louis,"Came for my mum's birthday.

Ordered drinks and good and we ordered tap water, asking for a few refills.

The total of the tap water was above 25 CHF, that's insane.

Run, far away, don't give these people your money.More",1.0,0
Brasserie Louis,"Terrible service.

We were a group that ordered food, alcoholic drinks, and asked for a glass of tap water. When we got the bill, the tap water costs 6.50 CHF ! I am not even sure if this is legal.

I have lived in Zurich...More",1.0,0
Brasserie Louis,"If you want a real filing to be in a real brassiere Parisienne, this is the place. Food is very French, escargots, huitres, salad verte, omelette, terrine de foie. Everything was good. Service good too, like a family owners. They have a nice bar. It‚Äôs...More",5.0,1
Brasserie Louis,"Dear staff,
I came yesterday with my mom to drink a cup of coffee at your cafe. These days I am handicapped as I injured by leg and I came with a crutch. We sat on the table and the waiter came to us with...More",1.0,0
Brasserie Louis,"Great food, great service! Multiple languages and very attentional crew. Plates are well served and fair priced.",5.0,1
Brasserie Louis,"I can only write about the food I had so it will not be descriptive off all they offer. I had the mussels, which is the main feature of this restaurant and I must say it was rather uninteresting. The size of the mussels was...More",3.0,1
Brasserie Louis,We were with a friends and were looking for a quick lunch. Found them with outside seating and decided to eat. We all had fantastic meals. We were very pleased with the quality and service. I would definitely come back for more.,5.0,1
Brasserie Louis,"We went to have a light dinner, we ordered a soup and two quiches. We waited for about 15 minutes for our order to be taken and then waited for another 15 minutes for a bottle of water to arrive. After waiting for 45 minutes...More",1.0,0
Brasserie Louis,We had the famous ‚Äùmoules et frites‚Äù and fish and lemon rice. The French desserts were excellent: chocolate mousse and chocolate cake. Nice staff and good music for a wonderful evening.,5.0,1
Brasserie Louis,Nice restaurant with  a good atmosphere ! The food was well prepared and tasty. Service was a little slow as there wasn't enough staff.More,4.0,1
Brasserie Louis,"I had a steak, no complaints.  My wife had the spinach quiche, not so.  All spinach, no cheese, tasteless.  Disappointing.",3.0,1
Brasserie Louis,Wonder if it is fair to judge a place after having consumed just a beer. Apparently am doing it. Location cannot be better along the main vein of Zurich's Old town. So in a late and rare sunny May  afternoon just took an outdoor table...More,4.0,1
Brasserie Louis,We have dined in this restaurant few times already and have been always happy. I actually don't write many reviews but decided to do so after our last dinner and the spectacular service we received. (Unfortunately I don't know the name of the lovely waitress...More,5.0,1
Brasserie Louis,"Luxury place in the old town of Zurich. Super service, interesting, original, tasty and very fresh food. Recommended!",5.0,1
Brasserie Louis,"Really enjoyed our last evening in Zurich here. The food was delicious, the steak tartare, an absolute must to start. I wasn‚Äôt particularly hungry so decided on a vegetarian crepe with mushroom and leeks as my main. Honestly, it would be so easy for me...More",4.0,1
Brasserie Louis,"It was fun to have escargots and other French goodies while in Zurich. The staff we spoke to was fluent in French, which is always appreciated. It was expensive, but this is Zurich. A fun evening out for us in the old city.",4.0,1
Brasserie Louis,"A little France in the center of Zurich - reservation is mandatory. Nice menu with traditional French dishes. Everything was great - foie gras - caf√© de Paris entrec√¥te - cr√®me br√ªl√©e. The place is nicely decorated, pretty simple but looks like a French brasserie....More",4.0,1
Brasserie Louis,"I like the oysters most here. Also tried shells same good. For main i ordered entrec√¥te paris with french fries. Excellent... the staff very friendly and helpfully all time.

Yes... i will be back
Yes... i will recommend to everybody",5.0,1
Brasserie Louis,"Food here is exceptional. We tried the burger, and the fish. Both were cooked exactly to our liking, well-presented, and very tasty. The waiting staff here are accommodating, helpful, and very knowledgeable when it comes to the food they're offering. The downside of this experience...More",3.0,1
Brasserie Louis,The waiter made my 2 years old daughter fall (very close to the edge of the table). When I asked him to be careful he replied with rage that he has to run to make his job so it‚Äôs up to us to watch out...More,1.0,0
Brasserie Louis,"We ate mussels, burger, chicken, cordon bleu - all very good. Service was good, we didnt wait long for the food. We didn't liked that we were charged for the tap water.More",4.0,1
Brasserie Louis,"I was there yesterday with my girlfriend after a French friend suggested the place. 

Food was really good, I had Carr√® d'agneau and my girlfriend Loupe de Mer. Both very very good. The Oyster starter was also good. List of wine is ok, had the...More",4.0,1
Brasserie Louis,We stopped here as we walked along the Niedorfstrasse on a rainy day.  It was not nice enough to eat outdoors but we enjoyed the indoor table and good quiche and chicken cordon blu.More,5.0,1
Brasserie Louis,"Went there to try to escape the rain for a bit and have a nice meal. The waiter was very friendly, but it did seem to take around 10 minutes to get served and another 20 to finally get the bill when we asked for...More",3.0,1
Brasserie Louis,"After a delayed flight and late arrival in zurich, we headed out to find somewhere to eat.
Brasserie Louis seemed to have a good choice on the menu and our minds were made up.
Unfortunately, food was no linger being served outside so we headed...More",4.0,1
Brasserie Louis,"We tried the brasserie on a sunny Sunday and it was a great discover. Typical brasserie style food made with quality. The Tina burger need to be tried, the moules frites as well as the Tartare are a must try.
Service was good and friendly...More",4.0,1
Brasserie Louis,"We heard about this place at our hotel, and as mussel lovers,we decided to stop by. We were not disappointed and enjoyed a casual dinner. We sat outside on a warm summer evening. The mussels and pommes frites paired well with a local wheat beer....More",4.0,1
Brasserie Louis,"My wife and I ducked into the Brasserie Louis for dinner on our first night in Zurich. We were staying at the Hotel R√∂ssli, down the street, and we were in the mood for some French food. We were not disappointed. My wife chose the...More",5.0,1
Brasserie Louis,"I did not opt for the moules frites and ordered a salade ni√ßoise instead. The food arrived quickly and was excellent. The only negative was the price as it was frs 39.- for a seared tuna ni√ßoise, no lettuce and very little of anything else...More",3.0,1
Brasserie Louis,"It‚Äôs difficult to rate restaurants in Switzerland. If this was in any other country in Europe or UK I would be saying it‚Äôs very overpriced for what you get. However compared to other restaurants in Zurich in that area it‚Äôs averagely priced

The food was...More",4.0,1
Brasserie Louis,This small French restaurants offers a large selection of delicious food. They have a lovely setting outside and it is quiet and friendly. They also have more traditional Z√ºricher food and it well prepared and very tasty. Booking a table is recommended during the weekendMore,5.0,1
Brasserie Louis,"I have always been sceptical against the restaurants in Niederd√∂rfli as I consider them a ""tourist trap"". However, Brasserie Louis surprised me very pleasantly with  great food. We were a group of frinds and were sitting outside  - it is indeed a pretty busy street...More",4.0,1
Brasserie Louis,"This place we just bumped into by accident and we where not sure if it would be good. But what a surprise, very tasy food and great mix of different food on the meny. Veal dishes and salads together with mussels in different style. Excellent...More",5.0,1
Brasserie Louis,"I took my three children, 5 year old twins and an 11 year old, for dessert here tonight.  The staff was amazing with them.  Nadia made them special strawberry drinks and made them feel very special.  They had a great time (and the apple caramel...More",4.0,1
Brasserie Louis,"I had the onion soup as a starter and the steak tartare as a main. I really liked both dishes a lot! The soup was exactly as onion soup should be with gratin√© french bread and cheese.
What set the Steak Tartare apart from the...More",4.0,1
Brasserie Louis,"Our server advised on menu favorites. We chose Octopus salad and Vichyssoise, which was a sublime treat, best I have tasted. But what do I know about French cuisine?!

Our mains: seafood spaghetti and bouillabaisse.  What a wonder warm soup with perfectly prepared prawns and...More",5.0,1
Brasserie Louis,"We did not eat downstairs at the Brasserie Louis, instead we went upstairs to the old style bar to enjoy the end of winter bands marching through old town and also to watch th people. We had a couple of nice Old Fashions upstairs and...More",4.0,1
Brasserie Louis,"We ordered veal cutlet which was so so, pasta with seafood which was mostly mussels, foie gras and mixed green salad. Only the salad was very good. Mussels were not fresh. They should be careful about serving something that might case serious stomach problems. It...More",2.0,0
Brasserie Louis,"The Mussels are NOT at all fresh! Definitely disappointing. You would think they would be at least fresh. When the server removed the cover,everybody in our table smelled the stink!
The veal was ok though.  But, this restaurant is definitely disappointing. NOT worth the price...More",3.0,1
Brasserie Louis,Had dinner here on our last night in Zurich and was very pleased. The ambiance was very good and the food was very good. We had mussels with white wine for sharing and we all enjoyed it. It was a perfect place to celebrate the...More,4.0,1
Brasserie Louis,"Came in for a dinner and some talks with my wife. Menu and place look attractive. The food was decent. Tartar is average, lamb rack was good.
Service though was on a lower side of a scale. Had to remind couple of times of small...More",1.0,0
Brasserie Louis,"Never again ! The bill is more French than the food ever.
The waitress is bearly nice and we had 2 salads (Caesar and goat cheese salads) we paid more than 50CHF including water from the tab (free but we paid for the service). This...More",1.0,0
Brasserie Louis,I have visited 103 countries in the world.  Tonight i ordered the corn fed chicken.  It is the best chicken dinner i have ever had. Great restaurant and service was excellent!More,5.0,1
Brasserie Louis,I loved this small brasserie. Its tastes are really original! I had one of the best coq au vin and the best escargots I have tried.More,5.0,1
Brasserie Louis,"Nice atmosphere , place can be a bit noisy but the service is so nice you forget about it ! 
The waiter was very prepared and make us feel very conformable right from the beginning. I had octopus salad which was ok and the fish...More",4.0,1
Brasserie Louis,"I ate at the bar at Brasserie Louis on a recent business trip to Zurich.  I had had my fill of Swiss/German cuisine, and thought that a little French food would be a nice break - and indeed it was.  The restaurant is known for...More",4.0,1
Brasserie Louis,"We loved every part of it: the warm welcoming of the host, the decor, the short waits, ...

The waiter got my main course wrong, but after flat apologies from him and the host, I got my wonderful duck breast 15 minutes later.

The desserts...More",5.0,1
Brasserie Louis,"It was our first night in Z√ºrich and we were wandering around, with no reservations, looking for dinner. This place looked nice - and packed! Alas, no tables available. But the hostess still greeted us warmly and suggested sitting at the bar where she served...More",5.0,1
Brasserie Louis,"So very disappointed in this place. 

The food was lovely but being doubled charged, and then publicly humiliated really did put a dampener on our evening. 

Among other meal items, we ordered Tatar for 2 persons. Clearly stated on the menu it is CHF 35.00...More",1.0,0
Brasserie Louis,"Dinner reservation for two, at 6PM. A short walk to dinner. Asked for a table on the outside windows. My friend ordered side salad and mussels. I ordered mushroom ravioli and a side salad. I tried The mussels and they were amazing my ravioli was...More",5.0,1
Brasserie Louis,"Just like what you will find in France!...great food done just the way it should be, not cheap but worth the price. the service is good and the servers helpful.",5.0,1
Brasserie Louis,"Excellent - service top - food delicious 
The Restaurant is in french style - old school - very pretty and a nice atmosphere!",5.0,1
Brasserie Louis,"The little Paris 
The tartare has been perfect good environment and the service has been incredible the calanda beer its not necessary test",4.0,1
Brasserie Louis,"We went here for a romantic dinner and it was very nice.

I speak German and my husband speaks only English and the waitress and hostess were very accommodating and showed him the English menu and tried their best to speak English to him.

The...More",5.0,1
Brasserie Louis,"After a long walk through our beautifull Z√ºrich, we decided to eat at Brasserie Louis. A lovely ambiance..  We were with two dogs, so the lady who seated us placed us at a table near a column, where the big one could lie on the...More",3.0,1
Brasserie Louis,"French style restaurant, simple food and service but very pleasant and professional. Good rates, good street with many restaurants and bars",5.0,1
Brasserie Louis,"Excellent food, friendly service, cozy atmosphere. Try the seafood spaghetti, it's delicious. The prices are reasonable for an expensive city like Zurich.More",5.0,1
Brasserie Louis,We were visiting Zurich and were walking around Old Town and found Brasserie Louis and went in. They had a table for us and we ordered shortly thereafter. The food came in a very timely fashion and was fabulous! We had the Celery-Apple soup with...More,5.0,1
Brasserie Louis,"We wanted a fine meal for our last night in Zurich and booked in to Louis.  We certainly had the fine meal, fine wine and fantastic service.  This is a great restaurant.",5.0,1
Brasserie Louis,Our surname is Silvester and we had come to Zurich from the UK to run in the Silvester Lauf ! On Saturday evening we asked if there was free a table for two and were told that they were full but if we could wait...More,5.0,1
Brasserie Louis,"Good food, decent prices for Zurich and exquisite presentation of the meals. What really made the difference was the female ma√Ætre de service welcoming the guetsts at the entrance and floating around acting just the way you'd want a host to. Good job!More",5.0,1
Brasserie Louis,We visited Louis on Saturday 28th October around 730pm. We hadn't made a booking but were just after a drink and something small to share. We were told they were full but we could sit at last 2 remaining seats at the bar which was...More,3.0,1
Brasserie Louis,"A classic French Brasserie located up Niederdorfstrasse, it looks very welcoming from the outside. Had the classic onion soup which was delicious and followed by the Steak de Paris which came swimming in butter. Extremely unhealthy but worth the risk. Will definitely revisit on my...More",4.0,1
Brasserie Louis,"If you would like to go for a good french lunch, the Louis Brasserie in Z√ºrich is the right place. Quite fresh food and in the moment great for fish and mussels - french style. Or just try the buckwheat crepes - delicious!",5.0,1
Brasserie Louis,It's a nice looking little restaurant with outdoor seating. A very expensive menu considering what is on offer nearby and what similar restaurants charge. LOTS of attitude from the staff. I asked for a green salad and quiche Lorraine. The waiter said no. Because then...More,1.0,0
Brasserie Louis,"I am here from time to time for the moules et frites (therefore the date is not the right one as I cannot recall my last reservation), and I love it. The quality is constantly good (only once the soup was a bit less savoury...More",5.0,1
Brasserie Louis,"I went in September which is the beginning of mussel season and ordered mussels provencale. They were one of the best. Everyone around me seemed to eat mussels as well, so it is probably their specialty. Value for the money is good as well considering...More",5.0,1
Brasserie Louis,"Needed a quick meal, the food looked good as I walked past and the prices were about the same as other similar places in the area so I gave it a try. I sat outside and the atmosphere was good with lots of people in...More",4.0,1
Brasserie Louis,"Delicious food and great service. I had the muscles and they were outstanding, cooked to perfection. My husband had the sirloin steak and it was also super delicious. Topped it off with tarte tatin. Highly recommend it.More",5.0,1
Brasserie Louis,"The food was good, but unfortunately too pricey for a simple albeit charming brasserie IMHO. Service was friendly.More",3.0,1
Brasserie Louis,"I was really lucky to get a chance having dinner in this wonderful place! Food is exceptionally good and fresh, staff has its own personal way to serve, especially i want to thank the waiter Konstantin, for his professional attitude and unforgettable laugh ‚ò∫Ô∏èMore",5.0,1
Brasserie Louis,"Probably the best cuisine in Zurich. I recommend mussels, onion soup and duck breast. Very friendly staff.More",5.0,1
Brasserie Louis,"Great service and really good traditional Zurich food,good portions and presented well. Local beers and good selection of wines on the menu. Good value compere to restaurants in the areaMore",5.0,1
Brasserie Louis,"excellent reviews on Trip advisor so we went, we choose the burger and were very impressed, easy one of the best I ever had. friendly service. Pricy!",5.0,1
Brasserie Louis,"This restaurant has a separate take-away station (next door) for a quick burger/baguette. Visited twice. Love the Zic Zac (beef) burger (CHF 10.50) and the strong BBQ (little spicy) sauce. Unfortunately, the beef baguette (CHF 11) was really a big disappointment. The meat was so...More",4.0,1
Brasserie Louis,"We did not have a reservation, but the hostess seated us at a lovely table and made us feel quite welcome. The food was delicious--especially the Tina burger and shoestring potatoes. A lovely French cafe in the heart of Zurich's old town.More",4.0,1
Brasserie Louis,This restaurant has a great location in the tourist belt in the Old Town area. My wife and I have been travelling in Switzerland for 1 week and enjoyed good local food. We decided to have a change in cuisine and opted for mussels. This...More,2.0,0
Brasserie Louis,We started out having muscles and then cheese plate and then dessert.  Everything was excellent and the service was exceptional. We sat outside but then moved in due to the rain and the staff were very accommmadating and found space for everyone.,5.0,1
Brasserie Louis,"Definitely a great location in the old town during summer to sit outside and enjoy the atmosphere but the food is really not good
I had a steak that was tough and vegetables which only taste was salt for 42$. Ok, that is probably what...More",2.0,0
Brasserie Louis,We eat spagetti with mousles and got sick for all afternoon! We waited on food for almost an hour. The onion soup was ok.,1.0,0
Brasserie Louis,"We were attracted by the French bistro vibe and the offer of French food.  The staff were extremely nice and attentive, although the restaurant was a little bit understaffed.  

The food was very tasty - my wife mussels which were tender and juicy, so was...More",5.0,1
Brasserie Louis,"Short train stop in Zurich led us thru the Old Town and to Louis. Despite large group arrival, we were met with fast and interested service. Top selections were the breaded steaks (Cordon Bleu / Wienerscnitzel) but are vegetarians did find pleasing alternatives. Staff was...More",5.0,1
Brasserie Louis,"For our last night in the beautiful city of Zurich, we researched restaurants near our hotel, and along with guidance from our concierge, we made reservations on a rainy Sunday evening in July at Brasserie Louis. The decor at the restaurant is lovely; however, we...More",3.0,1
Brasserie Louis,"Had the mussels which are fresh and tasty, mussels comes with fries. Meal was overall nice, however the mussels could have cooked for another minute and the restaurant would have been rated very good instead of average. But nice spot and fine attention from the...More",3.0,1
Brasserie Louis,Lovely local brasserie with a good choice of local food. We love the small terrace. Great staff as well. EnjoyMore,5.0,1
Brasserie Louis,the food was well portioned and tasteful. or server was great and spoke English. The menus were in German and English as well which was very helpful. I enjoyed the atmosphere. The only thing that was wrong was that sitting outside people smoked but that...More,5.0,1
Brasserie Louis,This place is located in a beautiful street of old town with lots of people and music in the square next to it.   Moules where amazing and the setting was beautiful although the service was average.More,4.0,1
Brasserie Louis,"Tasy food, beer, and dessert.  Service was surprisingly attentive and friendly. I had steak and it was superb.More",5.0,1
Brasserie Louis,"We chose Louis for convenience to our hotel.  We were seated about 30 minutes before the kitchen closed, even though the restaurant lost our reservation.  We sat on the patio, and placed our orders quickly so as not to delay kitchen staff.   Service was slow...More",3.0,1
Brasserie Louis,"Food is yummy and service is great. 
We were there before dinner time hence dinner menu is not available. Nevertheless we ordered whatever available with some recommendations by the waiter. Food turn out to be delicious and we are just happy with what we had...More",5.0,1
Brasserie Louis,The food was delicious and the waiters were very attentive. Ideal place for a romantic dinner with your loved one.,5.0,1
Brasserie Louis,This is probably one of the only brasseries in Zurich that I'll ever go to. The food was truly authentic and delicious. It seems to be a very generic restaurant but it really was an amazing dinner. I recommend this place to anyone who enjoys...More,5.0,1
Brasserie Louis,"The service was excellent and the meal delicious. Very friendly staff, great selection on the menu and lovely decor in the restaurant. Prices are reasonable for Zurich. Would recommend a visit.More",4.0,1
Brasserie Louis,"An excellent meal for our last night in Switzerland. We each ordered veal, presented different ways and both were sensational. 
Great service by the gentleman whose name I think was Ben. He worked like crazy! 
We liked the inside decor and enjoyed having a comfortable...More",5.0,1
Brasserie Louis,"My partner and i came here for dinner after eating across the road the night before. 
The food was exceptional, we had duck liver and lobster bisque for entree and shared the moules marinere with fritz for our main. I could not fault the service...More",5.0,1
Brasserie Louis,We had just arrived in Zurich and our hotel room wasn‚Äôt yet available so we walked the Niederdorfstrasse in search of a place where we could enjoy a snack and an adult beverage. The waiter was extremely accommodating and went out of his way to...More,5.0,1
Brasserie Louis,Happened on to this wonderful place while doing the hop on and off bus.The food was excellent and the service outstanding.They spoke very good English and went out of their way to accommodate you.Highly recommended.,5.0,1
Brasserie Louis,"Typical Belgian  (French) Brasserie
Good location. Nice deco. Good menue. Good wine. 

One dissapointment: the caf√© gourmand is not a caf√© gourmand. It's just a caf√© with a mini cr√®me brul√©e.",4.0,1
Brasserie Louis,"There are many restaurants in this area but Brasserie Louis stands out with its friendly service, excellent food and fairly reasonable prices (this being Zurich that is a relative term).  We went here with a large group and the service was excellent.  The food was...More",5.0,1
Brasserie Louis,We wanted to stop here today with my parents for a coffee to enjoy the sun for a short 20 minutest. We sat down and shortly a waitress came to take our order. Since it's a brasserie we thought it's ok to have some coffee...More,1.0,0
Brasserie Louis,It is my travel quest to taste oysters from all parts of the globe but not always possible.  To find a bistro right across from my hotel was fortuitous.  They were well presented and as it was a French bistro a glass of champagne was...More,5.0,1
Brasserie Louis,"After a confusing welcome ('table for two? - that's very difficult, etc etc; but when we started to leave, a table for two was instantly found!) we enjoyed an excellent meal. Really good mussels. Our waitress, Sumila, was outstandingly good - attentive, efficient and very...More",4.0,1
Brasserie Louis,"a disclaimer first- neither me or my partner had any seafood... we both had meat dishes, enjoyed them very much. Good wine selection. Expensive but that's expected in that area (but it's such a nice area). Friendly waiters. Not the best meal I had during...More",4.0,1
Brasserie Louis,"This place I would summarize with one word: boring. Boring menu, boring place, boring wine list. Service horrible. Not attentive in pouring wine when glasses empty at a big groupMore",2.0,0
Brasserie Louis,"Brasserie style restaurant, offering a various and excellent food
During the month of January till April every Monday you can get Moules and Frites a Gogo - eat as much as you wish Moules for 49.-, that really cool... Ok you only receive once the...More",5.0,1
Brasserie Louis,"Busy restaurant in Zurich old town. Had snails as a starter and this was excellent. Bouillabaisse as a main had the perfect ingredient combination, all fresh but, the dish was over salted and this was a real spoiler. Great staff though and think I will...More",3.0,1
Brasserie Louis,The moules Louis were delicious.Steak tartare very testy . A good lunch. Good atmosph√®re. The restaurant was full.,5.0,1
Brasserie Louis,A wonderful New Years Eve dinner had an unpleasant finish due to exceptionally poor service from the staff. Worth a visit for the food if you can stand appalling service.More,2.0,0
Brasserie Louis,Excellent service and food ! Delicious food and very friendly staff. The restaurant is very cozy! Would visit again 100%,5.0,1
Brasserie Louis,"Odliƒçno je bilo... Doƒái ƒáemo opet iz Hrvatske!! 

It was perfect üòÄ food, atmosphere and waiters. We will come again from Croatia!!!!",5.0,1
Brasserie Louis,"Excellent variety of seafood and other dishes. The interior is nice &amp; clean, the staff is very friendly. The service (I think we had a Croatian waiter) was very fast and the prices are reasonable. A really good place to spend pleasant time in any...More",5.0,1
Brasserie Louis,We tried to reserve a table on saturday night. Was not possible cause all fully booked. They told us just to come in and wait at the bar until a table will be free. We did and only had to wait for 20 minutes. We...More,5.0,1
Brasserie Louis,"Fast and correct service. Friendly staff. Nice interior. 
I had Moules &amp; Frites. One of my favourites. It was perfect.",5.0,1
Brasserie Louis,"This restaurant offers very nice French menus, such as mussels which are very delicious. I went for the entrec√¥te, which comes with fries and 'caf√© de Paris'. It was very nice, but rather a small portion.

The prices are above average, however it's normal for...More",4.0,1
Brasserie Louis,"As most of the readers would already know, Switzerland is very expensive. I was therefore very glad to see that the moules (mussels with fries) are starting at CHF 32.-. The prices of the rest of the menu are as expected in Zurich. The moules...More",4.0,1
Brasserie Louis,"When you are a ""regular"" reading my reviews, you will find out that this another ""loud"" one. Visiting the place mid week, we were 1st time visitors, we did not find the place crowded. Some people were having drinks at the bar (little group of...More",4.0,1
Brasserie Louis,"Anyone who reads my reviews knows that I always try to find something positive, and shy away from any sort of criticism that isn't constructive.  Unfortunately, we had a very negative experience here, and I feel obliged to share it, especially as other travelers have...More",2.0,0
Brasserie Louis,"The food is absolutely great. The place is packed every Night - if you are a bigger crowd I recommend you reserve a table. 
Service is good, food takes a while to be served, but worth waiting for. 
I can recommend the ""steak frites"" and...More",4.0,1
Brasserie Louis,I was eating dinner with a friend of mine on a sunday evening at the brasserie louis. We wanted to eat there because we both like french cuisine. The weather was nice so we decided to sit outside. We were quickly given the menu which...More,3.0,1
Brasserie Louis,"Terrific onion soup, fillet of lamb perfectly cooked and seasoned over delicious ratatouille, and a great Swiss red wine. A perfect meal served by attentive and friendly waitstaff.",5.0,1
Brasserie Louis,"We've been to Brasserie Louis not for the first time. From the beginning it was ok, food was good, the wine was tasty, the waitress was friendly. Until the ""drama Quinn"" coming to clean up our table. She was SO rude! No polite and no...More",1.0,0
Brasserie Louis,I love to go to Louis! Service is extremely friendly and efficient. You will find all the Brasserie standards on the menu. If I have a regret it is that the wine selection is rather small - especially on wine by the glass. Personally for...More,4.0,1
Brasserie Louis,When every lunch and dinner in Switzerland seems to cost nearly $100 for two (with plenty of shared dishes and a glass of wine each) Brasserie Louis was a $100 dinner worth the price. We came across this pretty Parisian style cafe on our last...More,5.0,1
Brasserie Louis,"We made an impromptu visit to Brasserie Louis as we were passing through the old part of the city. 

It was very quiet but still had charming personality with tiles on the wall and old style French bistro tables. 

The menu was simple but the...More",4.0,1
Brasserie Louis,"On a recent visit to Switzerland this year, my colleagues and I decided to make use of the good weather and eat al fresco. This restaurant seemed to work for all of us with ample outdoor seating options.

The Food:
I ordered a starter of...More",3.0,1
Brasserie Louis,downtown old Zurich. The style looks very parisian indeed. The food was ok. I had sliced veal with mushrooms in a greavy sauce served with the famous R√∂sti (grated and roasted potatoes as a galette). Well cooked and pretty good. The only thing that is...More,4.0,1
Brasserie Louis,"Zurich is unrelenting.  Efficient, tidyish, busy and oh, so very Swiss.
 
Buried away in the old town is a small slice of France.

The owners have   made a serious and somewhat successful effort to re-create the ambience and d√©cor of a French brasserie. It has...More",5.0,1
Brasserie Louis,"Excellent place for a bit better dinner/lunch. We enjoyed excellent goat cheese salad for a starter and tartar hamburgers for main course. Place is a bit picey, but worth every penny, food was really good and the service too.",4.0,1
Brasserie Louis,We visited this restaurant with business friends for lunch. It was lovely to sit outside. The tables are a bit cramped outside which is a shame. Service was good and friendly. Menus are both in German and English which is useful. There is a nice...More,4.0,1
Brasserie Louis,"Very good service, lovely building, pricey but good food and wine but then it is Switzerland! Good location by bars etc",4.0,1
Brasserie Louis,"Ended up at Brasserie Louis for lunch one day when wandering about the city.  Offering mostlly classic bistro dishes, I went for the excellent mussels fa√ßon du chef (with Pernod, tomato concass√©, scallions, cream, chives and parsley).  Others had the veal Geschnetzeltes with R√∂sti and...More",4.0,1
Brasserie Louis,"We were looking for a restaurant ,other than Italian cuisine , in the old part of Zurich for lunch and can across Brasserie Louis - which is a gem!

The interior of the Restaurant is typically French in decor and the overall ambience is pleasant....More",4.0,1
Brasserie Louis,The physical plant is very well done and the food was good.  The service was a horror show.  Our waiter was a clumsy eastern European.  Perhaps it was his first night waiting tables.  The sweat was running off his face like he just ran a...More,3.0,1
Brasserie Louis,"Friendly and attentive service. We all ordered the mussels and really enjoyed them. Great location as well. Sitting outside and people watching, with excellent food and wine was simply lovely. The price was very good for the quality of food, especially in Zurich.More",5.0,1
